INSERT INTO `migrations` VALUES ('20170901170655'); 

-- Add missing gameobject spawns for event Call to Arms: Alterac Valley.
DELETE FROM `gameobject` WHERE `guid` IN (14037, 28508, 28509, 28510, 28511);
INSERT INTO `gameobject` (`guid`, `id`, `map`, `position_x`, `position_y`, `position_z`, `orientation`, `rotation0`, `rotation1`, `rotation2`, `rotation3`, `spawntimesecs`, `animprogress`, `state`) VALUES (190002, 180397, 0, -8842.76, 654.543, 97.2775, -2.47837, 0, 0, 0, 0, 180, 100, 1);
INSERT INTO `gameobject` (`guid`, `id`, `map`, `position_x`, `position_y`, `position_z`, `orientation`, `rotation0`, `rotation1`, `rotation2`, `rotation3`, `spawntimesecs`, `animprogress`, `state`) VALUES (190008, 180397, 0, -8870.4, 544.658, 106.284, -1.22173, 0, 0, 0, 0, 180, 100, 1);
INSERT INTO `gameobject` (`guid`, `id`, `map`, `position_x`, `position_y`, `position_z`, `orientation`, `rotation0`, `rotation1`, `rotation2`, `rotation3`, `spawntimesecs`, `animprogress`, `state`) VALUES (190038, 180397, 1, 9965.32, 2179.72, 1328.07, -2.54818, 0, 0, 0, 0, 180, 100, 1);
INSERT INTO `gameobject` (`guid`, `id`, `map`, `position_x`, `position_y`, `position_z`, `orientation`, `rotation0`, `rotation1`, `rotation2`, `rotation3`, `spawntimesecs`, `animprogress`, `state`) VALUES (190044, 180397, 1, 9985.22, 2342.83, 1330.79, 0, 0, 0, 0, 0, 180, 100, 1);
INSERT INTO `gameobject` (`guid`, `id`, `map`, `position_x`, `position_y`, `position_z`, `orientation`, `rotation0`, `rotation1`, `rotation2`, `rotation3`, `spawntimesecs`, `animprogress`, `state`) VALUES (190050, 180397, 1, 9720.18, 2545.46, 1335.68, -0.977383, 0, 0, 0, 0, 180, 100, 1);
INSERT INTO `gameobject` (`guid`, `id`, `map`, `position_x`, `position_y`, `position_z`, `orientation`, `rotation0`, `rotation1`, `rotation2`, `rotation3`, `spawntimesecs`, `animprogress`, `state`) VALUES (190056, 180397, 0, -4832.88, -1171.66, 502.195, 1.509, 0, 0, 0, 0, 180, 100, 1);
INSERT INTO `gameobject` (`guid`, `id`, `map`, `position_x`, `position_y`, `position_z`, `orientation`, `rotation0`, `rotation1`, `rotation2`, `rotation3`, `spawntimesecs`, `animprogress`, `state`) VALUES (190014, 180397, 0, -8846.94, 593.738, 93.4625, 2.42601, 0, 0, 0, 0, 180, 100, 1);
INSERT INTO `gameobject` (`guid`, `id`, `map`, `position_x`, `position_y`, `position_z`, `orientation`, `rotation0`, `rotation1`, `rotation2`, `rotation3`, `spawntimesecs`, `animprogress`, `state`) VALUES (190062, 180397, 0, -4675.27, -985.681, 501.859, 1.16136, 0, 0, 0, 0, 180, 100, 1);
INSERT INTO `gameobject` (`guid`, `id`, `map`, `position_x`, `position_y`, `position_z`, `orientation`, `rotation0`, `rotation1`, `rotation2`, `rotation3`, `spawntimesecs`, `animprogress`, `state`) VALUES (190068, 180397, 0, -8386.73, 288.405, 120.886, -2.47837, 0, 0, 0, 0, 180, 100, 1);
INSERT INTO `gameobject` (`guid`, `id`, `map`, `position_x`, `position_y`, `position_z`, `orientation`, `rotation0`, `rotation1`, `rotation2`, `rotation3`, `spawntimesecs`, `animprogress`, `state`) VALUES (190020, 180397, 0, -4919.31, -844.615, 501.661, -0.855212, 0, 0, 0, 0, 180, 100, 1);
INSERT INTO `gameobject` (`guid`, `id`, `map`, `position_x`, `position_y`, `position_z`, `orientation`, `rotation0`, `rotation1`, `rotation2`, `rotation3`, `spawntimesecs`, `animprogress`, `state`) VALUES (190026, 180397, 0, -5035.49, -921.804, 501.659, -0.122173, 0, 0, 0, 0, 180, 100, 1);
INSERT INTO `gameobject` (`guid`, `id`, `map`, `position_x`, `position_y`, `position_z`, `orientation`, `rotation0`, `rotation1`, `rotation2`, `rotation3`, `spawntimesecs`, `animprogress`, `state`) VALUES (190074, 180397, 1, 9963.93, 2490.04, 1316.05, 0, 0, 0, 0, 0, 180, 100, 1);
INSERT INTO `gameobject` (`guid`, `id`, `map`, `position_x`, `position_y`, `position_z`, `orientation`, `rotation0`, `rotation1`, `rotation2`, `rotation3`, `spawntimesecs`, `animprogress`, `state`) VALUES (190080, 180397, 0, -5035.03, -1263.47, 505.4, 0.698132, 0, 0, 0, 0, 180, 100, 1);
INSERT INTO `gameobject` (`guid`, `id`, `map`, `position_x`, `position_y`, `position_z`, `orientation`, `rotation0`, `rotation1`, `rotation2`, `rotation3`, `spawntimesecs`, `animprogress`, `state`) VALUES (190086, 180397, 0, -8411.49, 577.444, 91.9777, -0.9599, 0, 0, 0, 0, 180, 100, 1);
INSERT INTO `gameobject` (`guid`, `id`, `map`, `position_x`, `position_y`, `position_z`, `orientation`, `rotation0`, `rotation1`, `rotation2`, `rotation3`, `spawntimesecs`, `animprogress`, `state`) VALUES (190318, 180395, 1, -1051.74, 234.324, 134.494, 0.7054, 0, 0, 0, 0, 180, 100, 1);
INSERT INTO `gameobject` (`guid`, `id`, `map`, `position_x`, `position_y`, `position_z`, `orientation`, `rotation0`, `rotation1`, `rotation2`, `rotation3`, `spawntimesecs`, `animprogress`, `state`) VALUES (190314, 180395, 1, 1746.33, -3967.47, 49.2634, 2.0013, 0, 0, 0, 0, 180, 100, 1);
INSERT INTO `gameobject` (`guid`, `id`, `map`, `position_x`, `position_y`, `position_z`, `orientation`, `rotation0`, `rotation1`, `rotation2`, `rotation3`, `spawntimesecs`, `animprogress`, `state`) VALUES (190310, 180395, 1, 1934.82, -4711.71, 37.4563, 0.517133, 0, 0, 0, 0, 180, 100, 1);
INSERT INTO `gameobject` (`guid`, `id`, `map`, `position_x`, `position_y`, `position_z`, `orientation`, `rotation0`, `rotation1`, `rotation2`, `rotation3`, `spawntimesecs`, `animprogress`, `state`) VALUES (190306, 180395, 1, 1663.59, -4343.19, 61.2462, 0.750492, 0, 0, 0, 0, 180, 100, 1);
INSERT INTO `gameobject` (`guid`, `id`, `map`, `position_x`, `position_y`, `position_z`, `orientation`, `rotation0`, `rotation1`, `rotation2`, `rotation3`, `spawntimesecs`, `animprogress`, `state`) VALUES (190001, 180399, 0, -8843.1, 654.157, 97.9823, -2.53073, 0, 0, 0, 0, 180, 100, 1);
INSERT INTO `gameobject` (`guid`, `id`, `map`, `position_x`, `position_y`, `position_z`, `orientation`, `rotation0`, `rotation1`, `rotation2`, `rotation3`, `spawntimesecs`, `animprogress`, `state`) VALUES (190007, 180399, 0, -8870.25, 544.276, 107.011, 5.0603, 0, 0, 0, 0, 180, 100, 1);
INSERT INTO `gameobject` (`guid`, `id`, `map`, `position_x`, `position_y`, `position_z`, `orientation`, `rotation0`, `rotation1`, `rotation2`, `rotation3`, `spawntimesecs`, `animprogress`, `state`) VALUES (190037, 180399, 1, 9964.87, 2179.44, 1328.61, 3.7134, 0, 0, 0, 0, 180, 100, 1);
INSERT INTO `gameobject` (`guid`, `id`, `map`, `position_x`, `position_y`, `position_z`, `orientation`, `rotation0`, `rotation1`, `rotation2`, `rotation3`, `spawntimesecs`, `animprogress`, `state`) VALUES (190043, 180399, 1, 9984.68, 2342.8, 1331.29, 3.136, 0, 0, 0, 0, 180, 100, 1);
INSERT INTO `gameobject` (`guid`, `id`, `map`, `position_x`, `position_y`, `position_z`, `orientation`, `rotation0`, `rotation1`, `rotation2`, `rotation3`, `spawntimesecs`, `animprogress`, `state`) VALUES (190049, 180399, 1, 9720.44, 2545.07, 1336.21, 2.14675, 0, 0, 0, 0, 180, 100, 1);
INSERT INTO `gameobject` (`guid`, `id`, `map`, `position_x`, `position_y`, `position_z`, `orientation`, `rotation0`, `rotation1`, `rotation2`, `rotation3`, `spawntimesecs`, `animprogress`, `state`) VALUES (190055, 180399, 0, -4832.84, -1171.19, 502.723, 1.509, 0, 0, 0, 0, 180, 100, 1);
INSERT INTO `gameobject` (`guid`, `id`, `map`, `position_x`, `position_y`, `position_z`, `orientation`, `rotation0`, `rotation1`, `rotation2`, `rotation3`, `spawntimesecs`, `animprogress`, `state`) VALUES (190013, 180399, 0, -8847.29, 594.026, 94.1301, -0.698132, 0, 0, 0, 0, 180, 100, 1);
INSERT INTO `gameobject` (`guid`, `id`, `map`, `position_x`, `position_y`, `position_z`, `orientation`, `rotation0`, `rotation1`, `rotation2`, `rotation3`, `spawntimesecs`, `animprogress`, `state`) VALUES (190302, 180395, 1, 1657.46, -4385.4, 23.5797, -1.01229, 0, 0, 0, 0, 180, 100, 1);
INSERT INTO `gameobject` (`guid`, `id`, `map`, `position_x`, `position_y`, `position_z`, `orientation`, `rotation0`, `rotation1`, `rotation2`, `rotation3`, `spawntimesecs`, `animprogress`, `state`) VALUES (190298, 180395, 0, 1598.8, 311.823, -41.4244, 3.17493, 0, 0, 0, 0, 180, 100, 1);
INSERT INTO `gameobject` (`guid`, `id`, `map`, `position_x`, `position_y`, `position_z`, `orientation`, `rotation0`, `rotation1`, `rotation2`, `rotation3`, `spawntimesecs`, `animprogress`, `state`) VALUES (190294, 180395, 0, 1592.72, 168.947, -41.4244, 0, 0, 0, 0, 0, 180, 100, 1);
INSERT INTO `gameobject` (`guid`, `id`, `map`, `position_x`, `position_y`, `position_z`, `orientation`, `rotation0`, `rotation1`, `rotation2`, `rotation3`, `spawntimesecs`, `animprogress`, `state`) VALUES (190290, 180395, 0, 1524.65, 242.972, -41.3899, -1.55334, 0, 0, 0, 0, 180, 100, 1);
INSERT INTO `gameobject` (`guid`, `id`, `map`, `position_x`, `position_y`, `position_z`, `orientation`, `rotation0`, `rotation1`, `rotation2`, `rotation3`, `spawntimesecs`, `animprogress`, `state`) VALUES (190286, 180395, 0, 1251.67, 311.037, -63.6828, 0.277002, 0, 0, 0.138058, 0.990424, 180, 100, 1);
INSERT INTO `gameobject` (`guid`, `id`, `map`, `position_x`, `position_y`, `position_z`, `orientation`, `rotation0`, `rotation1`, `rotation2`, `rotation3`, `spawntimesecs`, `animprogress`, `state`) VALUES (190282, 180395, 1, -1091.78, -20.9857, 140.129, 0.241459, 0, 0, 0, 0, 180, 100, 1);
INSERT INTO `gameobject` (`guid`, `id`, `map`, `position_x`, `position_y`, `position_z`, `orientation`, `rotation0`, `rotation1`, `rotation2`, `rotation3`, `spawntimesecs`, `animprogress`, `state`) VALUES (190278, 180395, 1, -1249.68, 52.4457, 127.18, 1.90241, 0, 0, 0, 0, 180, 100, 1);
INSERT INTO `gameobject` (`guid`, `id`, `map`, `position_x`, `position_y`, `position_z`, `orientation`, `rotation0`, `rotation1`, `rotation2`, `rotation3`, `spawntimesecs`, `animprogress`, `state`) VALUES (190274, 180395, 1, -1273.51, 134.157, 132.078, -2.35619, 0, 0, 0, 0, 180, 100, 1);
INSERT INTO `gameobject` (`guid`, `id`, `map`, `position_x`, `position_y`, `position_z`, `orientation`, `rotation0`, `rotation1`, `rotation2`, `rotation3`, `spawntimesecs`, `animprogress`, `state`) VALUES (190270, 180395, 1, -1379.01, -58.6698, 158.927, 3.71842, 0, 0, 0, 0, 180, 100, 1);
INSERT INTO `gameobject` (`guid`, `id`, `map`, `position_x`, `position_y`, `position_z`, `orientation`, `rotation0`, `rotation1`, `rotation2`, `rotation3`, `spawntimesecs`, `animprogress`, `state`) VALUES (190266, 180395, 1, -1383.59, -85.434, 159.566, 3.17021, 0, 0, 0, 0, 180, 100, 1);
INSERT INTO `gameobject` (`guid`, `id`, `map`, `position_x`, `position_y`, `position_z`, `orientation`, `rotation0`, `rotation1`, `rotation2`, `rotation3`, `spawntimesecs`, `animprogress`, `state`) VALUES (190019, 180399, 0, -4919.66, -844.965, 502.275, -2.40855, 0, 0, 0, 0, 180, 100, 1);
INSERT INTO `gameobject` (`guid`, `id`, `map`, `position_x`, `position_y`, `position_z`, `orientation`, `rotation0`, `rotation1`, `rotation2`, `rotation3`, `spawntimesecs`, `animprogress`, `state`) VALUES (190061, 180399, 0, -4675.23, -985.175, 502.526, 1.16136, 0, 0, 0, 0, 180, 100, 1);
INSERT INTO `gameobject` (`guid`, `id`, `map`, `position_x`, `position_y`, `position_z`, `orientation`, `rotation0`, `rotation1`, `rotation2`, `rotation3`, `spawntimesecs`, `animprogress`, `state`) VALUES (190067, 180399, 0, -8387.16, 288.082, 121.513, 3.80376, 0, 0, 0, 0, 180, 100, 1);
INSERT INTO `gameobject` (`guid`, `id`, `map`, `position_x`, `position_y`, `position_z`, `orientation`, `rotation0`, `rotation1`, `rotation2`, `rotation3`, `spawntimesecs`, `animprogress`, `state`) VALUES (190025, 180399, 0, -5034.97, -921.89, 502.476, 6.14817, 0, 0, 0, 0, 180, 100, 1);
INSERT INTO `gameobject` (`guid`, `id`, `map`, `position_x`, `position_y`, `position_z`, `orientation`, `rotation0`, `rotation1`, `rotation2`, `rotation3`, `spawntimesecs`, `animprogress`, `state`) VALUES (190073, 180399, 1, 9963.4, 2490.17, 1316.5, 3.1401, 0, 0, 0, 0, 180, 100, 1);
INSERT INTO `gameobject` (`guid`, `id`, `map`, `position_x`, `position_y`, `position_z`, `orientation`, `rotation0`, `rotation1`, `rotation2`, `rotation3`, `spawntimesecs`, `animprogress`, `state`) VALUES (190079, 180399, 0, -5034.64, -1263.19, 506.017, -2.426, 0, 0, 0, 0, 180, 100, 1);
INSERT INTO `gameobject` (`guid`, `id`, `map`, `position_x`, `position_y`, `position_z`, `orientation`, `rotation0`, `rotation1`, `rotation2`, `rotation3`, `spawntimesecs`, `animprogress`, `state`) VALUES (190085, 180399, 0, -8411.21, 577.031, 92.4777, -0.9599, 0, 0, 0, 0, 180, 100, 1);

-- Add new gameobjects spawns to event Call to Arms: Alterac Valley.
DELETE FROM `game_event_gameobject` WHERE `event`=18;
INSERT INTO `game_event_gameobject` (`guid`, `event`) VALUES (190001, 18);
INSERT INTO `game_event_gameobject` (`guid`, `event`) VALUES (190002, 18);
INSERT INTO `game_event_gameobject` (`guid`, `event`) VALUES (190007, 18);
INSERT INTO `game_event_gameobject` (`guid`, `event`) VALUES (190008, 18);
INSERT INTO `game_event_gameobject` (`guid`, `event`) VALUES (190013, 18);
INSERT INTO `game_event_gameobject` (`guid`, `event`) VALUES (190014, 18);
INSERT INTO `game_event_gameobject` (`guid`, `event`) VALUES (190019, 18);
INSERT INTO `game_event_gameobject` (`guid`, `event`) VALUES (190020, 18);
INSERT INTO `game_event_gameobject` (`guid`, `event`) VALUES (190025, 18);
INSERT INTO `game_event_gameobject` (`guid`, `event`) VALUES (190026, 18);
INSERT INTO `game_event_gameobject` (`guid`, `event`) VALUES (190037, 18);
INSERT INTO `game_event_gameobject` (`guid`, `event`) VALUES (190038, 18);
INSERT INTO `game_event_gameobject` (`guid`, `event`) VALUES (190043, 18);
INSERT INTO `game_event_gameobject` (`guid`, `event`) VALUES (190044, 18);
INSERT INTO `game_event_gameobject` (`guid`, `event`) VALUES (190049, 18);
INSERT INTO `game_event_gameobject` (`guid`, `event`) VALUES (190050, 18);
INSERT INTO `game_event_gameobject` (`guid`, `event`) VALUES (190055, 18);
INSERT INTO `game_event_gameobject` (`guid`, `event`) VALUES (190056, 18);
INSERT INTO `game_event_gameobject` (`guid`, `event`) VALUES (190061, 18);
INSERT INTO `game_event_gameobject` (`guid`, `event`) VALUES (190062, 18);
INSERT INTO `game_event_gameobject` (`guid`, `event`) VALUES (190067, 18);
INSERT INTO `game_event_gameobject` (`guid`, `event`) VALUES (190068, 18);
INSERT INTO `game_event_gameobject` (`guid`, `event`) VALUES (190073, 18);
INSERT INTO `game_event_gameobject` (`guid`, `event`) VALUES (190074, 18);
INSERT INTO `game_event_gameobject` (`guid`, `event`) VALUES (190079, 18);
INSERT INTO `game_event_gameobject` (`guid`, `event`) VALUES (190080, 18);
INSERT INTO `game_event_gameobject` (`guid`, `event`) VALUES (190085, 18);
INSERT INTO `game_event_gameobject` (`guid`, `event`) VALUES (190086, 18);
INSERT INTO `game_event_gameobject` (`guid`, `event`) VALUES (190266, 18);
INSERT INTO `game_event_gameobject` (`guid`, `event`) VALUES (190270, 18);
INSERT INTO `game_event_gameobject` (`guid`, `event`) VALUES (190274, 18);
INSERT INTO `game_event_gameobject` (`guid`, `event`) VALUES (190278, 18);
INSERT INTO `game_event_gameobject` (`guid`, `event`) VALUES (190282, 18);
INSERT INTO `game_event_gameobject` (`guid`, `event`) VALUES (190286, 18);
INSERT INTO `game_event_gameobject` (`guid`, `event`) VALUES (190290, 18);
INSERT INTO `game_event_gameobject` (`guid`, `event`) VALUES (190294, 18);
INSERT INTO `game_event_gameobject` (`guid`, `event`) VALUES (190298, 18);
INSERT INTO `game_event_gameobject` (`guid`, `event`) VALUES (190302, 18);
INSERT INTO `game_event_gameobject` (`guid`, `event`) VALUES (190306, 18);
INSERT INTO `game_event_gameobject` (`guid`, `event`) VALUES (190310, 18);
INSERT INTO `game_event_gameobject` (`guid`, `event`) VALUES (190314, 18);
INSERT INTO `game_event_gameobject` (`guid`, `event`) VALUES (190318, 18);

-- Delete wrong spawn positions for Stormpike Emissary in Ironforge.
DELETE FROM `creature` WHERE `guid`=13423;
DELETE FROM `creature` WHERE `guid`=13424;
DELETE FROM `creature` WHERE `guid`=13425;
DELETE FROM `creature` WHERE `guid`=13426;
DELETE FROM `creature` WHERE `guid`=13427;
DELETE FROM `creature` WHERE `guid`=13428;
DELETE FROM `creature` WHERE `guid`=20556;
DELETE FROM `creature` WHERE `guid`=51627;
DELETE FROM `creature` WHERE `guid`=54704;
DELETE FROM `creature` WHERE `guid`=83181;
DELETE FROM `creature` WHERE `guid`=1179246;
DELETE FROM `creature` WHERE `guid`=1179247;
DELETE FROM `creature` WHERE `guid`=1179248;
DELETE FROM `creature` WHERE `guid`=1179249;
DELETE FROM `creature` WHERE `guid`=1179250;
DELETE FROM `creature` WHERE `guid`=1179251;
DELETE FROM `creature` WHERE `guid`=1179252;
DELETE FROM `creature` WHERE `guid`=1179253;
DELETE FROM `creature` WHERE `guid`=1179254;
DELETE FROM `creature` WHERE `guid`=1179255;
DELETE FROM `creature` WHERE `guid`=1179256;
DELETE FROM `creature` WHERE `guid`=1179257;
DELETE FROM `creature` WHERE `guid`=1179258;
DELETE FROM `creature` WHERE `guid`=1179259;
DELETE FROM `creature` WHERE `guid`=1179260;
DELETE FROM `creature` WHERE `guid`=1179261;
DELETE FROM `creature` WHERE `guid`=1179262;
DELETE FROM `creature` WHERE `guid`=1179263;
DELETE FROM `creature` WHERE `guid`=1179264;
DELETE FROM `creature` WHERE `guid`=1179265;
DELETE FROM `creature` WHERE `guid`=1179266;
DELETE FROM `creature` WHERE `guid`=1179267;
DELETE FROM `creature` WHERE `guid`=1179268;
DELETE FROM `creature` WHERE `guid`=1179269;
DELETE FROM `creature` WHERE `guid`=1179270;
DELETE FROM `creature` WHERE `guid`=1179271;
DELETE FROM `creature` WHERE `guid`=1179272;
DELETE FROM `creature` WHERE `guid`=1179273;
DELETE FROM `creature` WHERE `guid`=1179274;
DELETE FROM `creature` WHERE `guid`=1179275;
DELETE FROM `creature` WHERE `guid`=1179276;
DELETE FROM `creature` WHERE `guid`=1179277;
-- Delete wrong Stormpike Emissary spawns from event Call to Arms: Alterac Valley.
DELETE FROM `game_event_creature` WHERE `guid`=13423;
DELETE FROM `game_event_creature` WHERE `guid`=13424;
DELETE FROM `game_event_creature` WHERE `guid`=13425;
DELETE FROM `game_event_creature` WHERE `guid`=13426;
DELETE FROM `game_event_creature` WHERE `guid`=13427;
DELETE FROM `game_event_creature` WHERE `guid`=13428;
DELETE FROM `game_event_creature` WHERE `guid`=20556;
DELETE FROM `game_event_creature` WHERE `guid`=51627;
DELETE FROM `game_event_creature` WHERE `guid`=54704;
DELETE FROM `game_event_creature` WHERE `guid`=83181;
DELETE FROM `game_event_creature` WHERE `guid`=1179246;
DELETE FROM `game_event_creature` WHERE `guid`=1179247;
DELETE FROM `game_event_creature` WHERE `guid`=1179248;
DELETE FROM `game_event_creature` WHERE `guid`=1179249;
DELETE FROM `game_event_creature` WHERE `guid`=1179250;
DELETE FROM `game_event_creature` WHERE `guid`=1179251;
DELETE FROM `game_event_creature` WHERE `guid`=1179252;
DELETE FROM `game_event_creature` WHERE `guid`=1179253;
DELETE FROM `game_event_creature` WHERE `guid`=1179254;
DELETE FROM `game_event_creature` WHERE `guid`=1179255;
DELETE FROM `game_event_creature` WHERE `guid`=1179256;
DELETE FROM `game_event_creature` WHERE `guid`=1179257;
DELETE FROM `game_event_creature` WHERE `guid`=1179258;
DELETE FROM `game_event_creature` WHERE `guid`=1179259;
DELETE FROM `game_event_creature` WHERE `guid`=1179260;
DELETE FROM `game_event_creature` WHERE `guid`=1179261;
DELETE FROM `game_event_creature` WHERE `guid`=1179262;
DELETE FROM `game_event_creature` WHERE `guid`=1179263;
DELETE FROM `game_event_creature` WHERE `guid`=1179264;
DELETE FROM `game_event_creature` WHERE `guid`=1179265;
DELETE FROM `game_event_creature` WHERE `guid`=1179266;
DELETE FROM `game_event_creature` WHERE `guid`=1179267;
DELETE FROM `game_event_creature` WHERE `guid`=1179268;
DELETE FROM `game_event_creature` WHERE `guid`=1179269;
DELETE FROM `game_event_creature` WHERE `guid`=1179270;
DELETE FROM `game_event_creature` WHERE `guid`=1179271;
DELETE FROM `game_event_creature` WHERE `guid`=1179272;
DELETE FROM `game_event_creature` WHERE `guid`=1179273;
DELETE FROM `game_event_creature` WHERE `guid`=1179274;
DELETE FROM `game_event_creature` WHERE `guid`=1179275;
DELETE FROM `game_event_creature` WHERE `guid`=1179276;
DELETE FROM `game_event_creature` WHERE `guid`=1179277;

-- Add new Stormpike Emissary spawns.
INSERT INTO `creature` (`guid`, `id`, `map`, `modelid`, `equipment_id`, `position_x`, `position_y`, `position_z`, `orientation`, `spawntimesecs`, `spawndist`, `currentwaypoint`, `curhealth`, `curmana`, `DeathState`, `MovementType`) VALUES (190521, 15103, 0, 0, 0, -8569.02, 537.091, 101.549, 5.49044, 120, 0, 0, 4108, 0, 0, 0);
INSERT INTO `creature` (`guid`, `id`, `map`, `modelid`, `equipment_id`, `position_x`, `position_y`, `position_z`, `orientation`, `spawntimesecs`, `spawndist`, `currentwaypoint`, `curhealth`, `curmana`, `DeathState`, `MovementType`) VALUES (190520, 15103, 0, 0, 0, -8570.55, 536.096, 101.568, 5.53562, 120, 0, 0, 4108, 0, 0, 2);
INSERT INTO `creature` (`guid`, `id`, `map`, `modelid`, `equipment_id`, `position_x`, `position_y`, `position_z`, `orientation`, `spawntimesecs`, `spawndist`, `currentwaypoint`, `curhealth`, `curmana`, `DeathState`, `MovementType`) VALUES (190513, 15103, 0, 0, 0, -5001.03, -1179.84, 501.66, 5.94313, 120, 0, 0, 4108, 0, 0, 0);
INSERT INTO `creature` (`guid`, `id`, `map`, `modelid`, `equipment_id`, `position_x`, `position_y`, `position_z`, `orientation`, `spawntimesecs`, `spawndist`, `currentwaypoint`, `curhealth`, `curmana`, `DeathState`, `MovementType`) VALUES (190512, 15103, 0, 0, 0, -5007.03, -1177.84, 501.66, 5.94314, 120, 0, 0, 4108, 0, 0, 2);
INSERT INTO `creature` (`guid`, `id`, `map`, `modelid`, `equipment_id`, `position_x`, `position_y`, `position_z`, `orientation`, `spawntimesecs`, `spawndist`, `currentwaypoint`, `curhealth`, `curmana`, `DeathState`, `MovementType`) VALUES (190497, 15103, 1, 0, 0, 9951.12, 2089.54, 1327.72, 4.78566, 120, 0, 0, 4108, 0, 0, 0);
INSERT INTO `creature` (`guid`, `id`, `map`, `modelid`, `equipment_id`, `position_x`, `position_y`, `position_z`, `orientation`, `spawntimesecs`, `spawndist`, `currentwaypoint`, `curhealth`, `curmana`, `DeathState`, `MovementType`) VALUES (190496, 15103, 1, 0, 0, 9952.47, 2089.45, 1327.72, 4.78552, 120, 0, 0, 4108, 0, 0, 2);
INSERT INTO `creature` (`guid`, `id`, `map`, `modelid`, `equipment_id`, `position_x`, `position_y`, `position_z`, `orientation`, `spawntimesecs`, `spawndist`, `currentwaypoint`, `curhealth`, `curmana`, `DeathState`, `MovementType`) VALUES (190000, 15103, 0, 0, 0, -8840.63, 652.959, 97.1951, 5.60251, 300, 0, 0, 4108, 0, 0, 0);
INSERT INTO `creature` (`guid`, `id`, `map`, `modelid`, `equipment_id`, `position_x`, `position_y`, `position_z`, `orientation`, `spawntimesecs`, `spawndist`, `currentwaypoint`, `curhealth`, `curmana`, `DeathState`, `MovementType`) VALUES (190001, 15103, 0, 0, 0, -8838.8, 651.394, 96.8924, 2.42601, 300, 0, 0, 4108, 0, 0, 0);
INSERT INTO `creature` (`guid`, `id`, `map`, `modelid`, `equipment_id`, `position_x`, `position_y`, `position_z`, `orientation`, `spawntimesecs`, `spawndist`, `currentwaypoint`, `curhealth`, `curmana`, `DeathState`, `MovementType`) VALUES (190008, 15103, 0, 0, 0, -8876.83, 542.382, 106.366, 0.558505, 300, 0, 0, 4108, 0, 0, 0);
INSERT INTO `creature` (`guid`, `id`, `map`, `modelid`, `equipment_id`, `position_x`, `position_y`, `position_z`, `orientation`, `spawntimesecs`, `spawndist`, `currentwaypoint`, `curhealth`, `curmana`, `DeathState`, `MovementType`) VALUES (190009, 15103, 0, 0, 0, -8873.52, 544.724, 106.367, 3.82227, 300, 0, 0, 4108, 0, 0, 0);
INSERT INTO `creature` (`guid`, `id`, `map`, `modelid`, `equipment_id`, `position_x`, `position_y`, `position_z`, `orientation`, `spawntimesecs`, `spawndist`, `currentwaypoint`, `curhealth`, `curmana`, `DeathState`, `MovementType`) VALUES (190016, 15103, 0, 0, 0, -8850.69, 589.49, 93.7805, 4.06662, 300, 0, 0, 4108, 0, 0, 0);
INSERT INTO `creature` (`guid`, `id`, `map`, `modelid`, `equipment_id`, `position_x`, `position_y`, `position_z`, `orientation`, `spawntimesecs`, `spawndist`, `currentwaypoint`, `curhealth`, `curmana`, `DeathState`, `MovementType`) VALUES (190017, 15103, 0, 0, 0, -8853.08, 587.01, 94.0289, 0.680678, 300, 0, 0, 4108, 0, 0, 0);
INSERT INTO `creature` (`guid`, `id`, `map`, `modelid`, `equipment_id`, `position_x`, `position_y`, `position_z`, `orientation`, `spawntimesecs`, `spawndist`, `currentwaypoint`, `curhealth`, `curmana`, `DeathState`, `MovementType`) VALUES (190024, 15103, 0, 0, 0, -4916.43, -848.374, 501.745, 4.72984, 300, 0, 0, 4108, 0, 0, 0);
INSERT INTO `creature` (`guid`, `id`, `map`, `modelid`, `equipment_id`, `position_x`, `position_y`, `position_z`, `orientation`, `spawntimesecs`, `spawndist`, `currentwaypoint`, `curhealth`, `curmana`, `DeathState`, `MovementType`) VALUES (190025, 15103, 0, 0, 0, -4916.61, -852.305, 501.745, 1.48353, 300, 0, 0, 4108, 0, 0, 0);
INSERT INTO `creature` (`guid`, `id`, `map`, `modelid`, `equipment_id`, `position_x`, `position_y`, `position_z`, `orientation`, `spawntimesecs`, `spawndist`, `currentwaypoint`, `curhealth`, `curmana`, `DeathState`, `MovementType`) VALUES (190032, 15103, 0, 0, 0, -5033.75, -931.287, 501.743, 1.32645, 300, 0, 0, 4108, 0, 0, 0);
INSERT INTO `creature` (`guid`, `id`, `map`, `modelid`, `equipment_id`, `position_x`, `position_y`, `position_z`, `orientation`, `spawntimesecs`, `spawndist`, `currentwaypoint`, `curhealth`, `curmana`, `DeathState`, `MovementType`) VALUES (190033, 15103, 0, 0, 0, -5032.97, -926.68, 501.743, 4.64258, 300, 0, 0, 4108, 0, 0, 0);
INSERT INTO `creature` (`guid`, `id`, `map`, `modelid`, `equipment_id`, `position_x`, `position_y`, `position_z`, `orientation`, `spawntimesecs`, `spawndist`, `currentwaypoint`, `curhealth`, `curmana`, `DeathState`, `MovementType`) VALUES (190120, 15103, 1, 0, 0, 9983.62, 2350.23, 1330.87, 4.92183, 120, 0, 0, 4108, 0, 0, 0);
INSERT INTO `creature` (`guid`, `id`, `map`, `modelid`, `equipment_id`, `position_x`, `position_y`, `position_z`, `orientation`, `spawntimesecs`, `spawndist`, `currentwaypoint`, `curhealth`, `curmana`, `DeathState`, `MovementType`) VALUES (190121, 15103, 1, 0, 0, 9984.56, 2345.23, 1330.87, 1.74533, 120, 0, 0, 4108, 0, 0, 0);
INSERT INTO `creature` (`guid`, `id`, `map`, `modelid`, `equipment_id`, `position_x`, `position_y`, `position_z`, `orientation`, `spawntimesecs`, `spawndist`, `currentwaypoint`, `curhealth`, `curmana`, `DeathState`, `MovementType`) VALUES (190128, 15103, 1, 0, 0, 9727.12, 2542.52, 1335.24, 2.42602, 300, 0, 0, 4108, 0, 0, 0);
INSERT INTO `creature` (`guid`, `id`, `map`, `modelid`, `equipment_id`, `position_x`, `position_y`, `position_z`, `orientation`, `spawntimesecs`, `spawndist`, `currentwaypoint`, `curhealth`, `curmana`, `DeathState`, `MovementType`) VALUES (190129, 15103, 1, 0, 0, 9724.21, 2545, 1335.76, 5.58505, 300, 0, 0, 4108, 0, 0, 0);
INSERT INTO `creature` (`guid`, `id`, `map`, `modelid`, `equipment_id`, `position_x`, `position_y`, `position_z`, `orientation`, `spawntimesecs`, `spawndist`, `currentwaypoint`, `curhealth`, `curmana`, `DeathState`, `MovementType`) VALUES (190144, 15103, 0, 0, 0, -4680.56, -985.584, 501.646, 3.08923, 300, 0, 0, 4108, 0, 0, 0);
INSERT INTO `creature` (`guid`, `id`, `map`, `modelid`, `equipment_id`, `position_x`, `position_y`, `position_z`, `orientation`, `spawntimesecs`, `spawndist`, `currentwaypoint`, `curhealth`, `curmana`, `DeathState`, `MovementType`) VALUES (190145, 15103, 0, 0, 0, -4683.46, -985.091, 501.627, 6.03884, 300, 0, 0, 4108, 0, 0, 0);
INSERT INTO `creature` (`guid`, `id`, `map`, `modelid`, `equipment_id`, `position_x`, `position_y`, `position_z`, `orientation`, `spawntimesecs`, `spawndist`, `currentwaypoint`, `curhealth`, `curmana`, `DeathState`, `MovementType`) VALUES (190152, 15103, 0, 0, 0, -8389.02, 288.375, 120.969, 5.53269, 300, 0, 0, 4108, 0, 0, 0);
INSERT INTO `creature` (`guid`, `id`, `map`, `modelid`, `equipment_id`, `position_x`, `position_y`, `position_z`, `orientation`, `spawntimesecs`, `spawndist`, `currentwaypoint`, `curhealth`, `curmana`, `DeathState`, `MovementType`) VALUES (190153, 15103, 0, 0, 0, -8387.29, 286.165, 120.969, 2.30383, 300, 0, 0, 4108, 0, 0, 0);
INSERT INTO `creature` (`guid`, `id`, `map`, `modelid`, `equipment_id`, `position_x`, `position_y`, `position_z`, `orientation`, `spawntimesecs`, `spawndist`, `currentwaypoint`, `curhealth`, `curmana`, `DeathState`, `MovementType`) VALUES (190160, 15103, 1, 0, 0, 9962.13, 2487.17, 1316.12, 3.9968, 300, 0, 0, 4108, 0, 0, 0);
INSERT INTO `creature` (`guid`, `id`, `map`, `modelid`, `equipment_id`, `position_x`, `position_y`, `position_z`, `orientation`, `spawntimesecs`, `spawndist`, `currentwaypoint`, `curhealth`, `curmana`, `DeathState`, `MovementType`) VALUES (190161, 15103, 1, 0, 0, 9959.3, 2484.38, 1316.15, 0.750492, 300, 0, 0, 4108, 0, 0, 0);
INSERT INTO `creature` (`guid`, `id`, `map`, `modelid`, `equipment_id`, `position_x`, `position_y`, `position_z`, `orientation`, `spawntimesecs`, `spawndist`, `currentwaypoint`, `curhealth`, `curmana`, `DeathState`, `MovementType`) VALUES (190168, 15103, 0, 0, 0, -5033.87, -1266.07, 505.383, 2.07694, 120, 0, 0, 4108, 0, 0, 0);
INSERT INTO `creature` (`guid`, `id`, `map`, `modelid`, `equipment_id`, `position_x`, `position_y`, `position_z`, `orientation`, `spawntimesecs`, `spawndist`, `currentwaypoint`, `curhealth`, `curmana`, `DeathState`, `MovementType`) VALUES (190169, 15103, 0, 0, 0, -5037.07, -1261.52, 505.383, 5.42797, 120, 0, 0, 4108, 0, 0, 0);
INSERT INTO `creature` (`guid`, `id`, `map`, `modelid`, `equipment_id`, `position_x`, `position_y`, `position_z`, `orientation`, `spawntimesecs`, `spawndist`, `currentwaypoint`, `curhealth`, `curmana`, `DeathState`, `MovementType`) VALUES (190176, 15103, 0, 0, 0, -8411.89, 575.031, 92.3179, 0.855211, 300, 0, 0, 4108, 0, 0, 0);
INSERT INTO `creature` (`guid`, `id`, `map`, `modelid`, `equipment_id`, `position_x`, `position_y`, `position_z`, `orientation`, `spawntimesecs`, `spawndist`, `currentwaypoint`, `curhealth`, `curmana`, `DeathState`, `MovementType`) VALUES (190177, 15103, 0, 0, 0, -8409.07, 578.255, 92.0611, 3.9968, 300, 0, 0, 4108, 0, 0, 0);
INSERT INTO `creature` (`guid`, `id`, `map`, `modelid`, `equipment_id`, `position_x`, `position_y`, `position_z`, `orientation`, `spawntimesecs`, `spawndist`, `currentwaypoint`, `curhealth`, `curmana`, `DeathState`, `MovementType`) VALUES (190112, 15103, 1, 0, 0, 9961.1, 2179.29, 1327.8, 5.13127, 120, 0, 0, 4108, 0, 0, 0);
INSERT INTO `creature` (`guid`, `id`, `map`, `modelid`, `equipment_id`, `position_x`, `position_y`, `position_z`, `orientation`, `spawntimesecs`, `spawndist`, `currentwaypoint`, `curhealth`, `curmana`, `DeathState`, `MovementType`) VALUES (190113, 15103, 1, 0, 0, 9962.88, 2175.22, 1327.8, 1.97222, 120, 0, 0, 4108, 0, 0, 0);
INSERT INTO `creature` (`guid`, `id`, `map`, `modelid`, `equipment_id`, `position_x`, `position_y`, `position_z`, `orientation`, `spawntimesecs`, `spawndist`, `currentwaypoint`, `curhealth`, `curmana`, `DeathState`, `MovementType`) VALUES (190136, 15103, 0, 0, 0, -4836.85, -1171.63, 502.277, 2.44346, 300, 0, 0, 4108, 0, 0, 0);
INSERT INTO `creature` (`guid`, `id`, `map`, `modelid`, `equipment_id`, `position_x`, `position_y`, `position_z`, `orientation`, `spawntimesecs`, `spawndist`, `currentwaypoint`, `curhealth`, `curmana`, `DeathState`, `MovementType`) VALUES (190137, 15103, 0, 0, 0, -4839.37, -1169.09, 502.279, 5.37562, 300, 0, 0, 4108, 0, 0, 0);
-- Add new Stormpike Emissary spawns to event Call to Arms: Alterac Valley.
INSERT INTO `game_event_creature` (`guid`, `event`) VALUES (190137, 18);
INSERT INTO `game_event_creature` (`guid`, `event`) VALUES (190136, 18);
INSERT INTO `game_event_creature` (`guid`, `event`) VALUES (190113, 18);
INSERT INTO `game_event_creature` (`guid`, `event`) VALUES (190112, 18);
INSERT INTO `game_event_creature` (`guid`, `event`) VALUES (190177, 18);
INSERT INTO `game_event_creature` (`guid`, `event`) VALUES (190176, 18);
INSERT INTO `game_event_creature` (`guid`, `event`) VALUES (190169, 18);
INSERT INTO `game_event_creature` (`guid`, `event`) VALUES (190168, 18);
INSERT INTO `game_event_creature` (`guid`, `event`) VALUES (190161, 18);
INSERT INTO `game_event_creature` (`guid`, `event`) VALUES (190160, 18);
INSERT INTO `game_event_creature` (`guid`, `event`) VALUES (190153, 18);
INSERT INTO `game_event_creature` (`guid`, `event`) VALUES (190152, 18);
INSERT INTO `game_event_creature` (`guid`, `event`) VALUES (190145, 18);
INSERT INTO `game_event_creature` (`guid`, `event`) VALUES (190144, 18);
INSERT INTO `game_event_creature` (`guid`, `event`) VALUES (190129, 18);
INSERT INTO `game_event_creature` (`guid`, `event`) VALUES (190128, 18);
INSERT INTO `game_event_creature` (`guid`, `event`) VALUES (190121, 18);
INSERT INTO `game_event_creature` (`guid`, `event`) VALUES (190120, 18);
INSERT INTO `game_event_creature` (`guid`, `event`) VALUES (190033, 18);
INSERT INTO `game_event_creature` (`guid`, `event`) VALUES (190032, 18);
INSERT INTO `game_event_creature` (`guid`, `event`) VALUES (190025, 18);
INSERT INTO `game_event_creature` (`guid`, `event`) VALUES (190024, 18);
INSERT INTO `game_event_creature` (`guid`, `event`) VALUES (190017, 18);
INSERT INTO `game_event_creature` (`guid`, `event`) VALUES (190016, 18);
INSERT INTO `game_event_creature` (`guid`, `event`) VALUES (190009, 18);
INSERT INTO `game_event_creature` (`guid`, `event`) VALUES (190008, 18);
INSERT INTO `game_event_creature` (`guid`, `event`) VALUES (190001, 18);
INSERT INTO `game_event_creature` (`guid`, `event`) VALUES (190521, 18);
INSERT INTO `game_event_creature` (`guid`, `event`) VALUES (190520, 18);
INSERT INTO `game_event_creature` (`guid`, `event`) VALUES (190513, 18);
INSERT INTO `game_event_creature` (`guid`, `event`) VALUES (190512, 18);
INSERT INTO `game_event_creature` (`guid`, `event`) VALUES (190497, 18);
INSERT INTO `game_event_creature` (`guid`, `event`) VALUES (190496, 18);
INSERT INTO `game_event_creature` (`guid`, `event`) VALUES (190000, 18);

-- Add missing waypoints for Stormpike Emissary.
INSERT INTO `creature_movement` (`id`, `point`, `position_x`, `position_y`, `position_z`, `waittime`, `script_id`, `textid1`, `textid2`, `textid3`, `textid4`, `textid5`, `emote`, `spell`, `orientation`, `model1`, `model2`) VALUES (190496, 1, 9952.47, 2089.45, 1327.72, 0, 0, 0, 0, 0, 0, 0, 0, 0, 100, 0, 0);
INSERT INTO `creature_movement` (`id`, `point`, `position_x`, `position_y`, `position_z`, `waittime`, `script_id`, `textid1`, `textid2`, `textid3`, `textid4`, `textid5`, `emote`, `spell`, `orientation`, `model1`, `model2`) VALUES (190496, 2, 9953.24, 2253.22, 1335.29, 0, 0, 0, 0, 0, 0, 0, 0, 0, 100, 0, 0);
INSERT INTO `creature_movement` (`id`, `point`, `position_x`, `position_y`, `position_z`, `waittime`, `script_id`, `textid1`, `textid2`, `textid3`, `textid4`, `textid5`, `emote`, `spell`, `orientation`, `model1`, `model2`) VALUES (190496, 3, 9952.86, 2275.41, 1341.4, 0, 0, 0, 0, 0, 0, 0, 0, 0, 100, 0, 0);
INSERT INTO `creature_movement` (`id`, `point`, `position_x`, `position_y`, `position_z`, `waittime`, `script_id`, `textid1`, `textid2`, `textid3`, `textid4`, `textid5`, `emote`, `spell`, `orientation`, `model1`, `model2`) VALUES (190496, 4, 9952.4, 2292.36, 1341.39, 0, 0, 0, 0, 0, 0, 0, 0, 0, 100, 0, 0);
INSERT INTO `creature_movement` (`id`, `point`, `position_x`, `position_y`, `position_z`, `waittime`, `script_id`, `textid1`, `textid2`, `textid3`, `textid4`, `textid5`, `emote`, `spell`, `orientation`, `model1`, `model2`) VALUES (190496, 5, 9952.35, 2302.62, 1336.55, 0, 0, 0, 0, 0, 0, 0, 0, 0, 100, 0, 0);
INSERT INTO `creature_movement` (`id`, `point`, `position_x`, `position_y`, `position_z`, `waittime`, `script_id`, `textid1`, `textid2`, `textid3`, `textid4`, `textid5`, `emote`, `spell`, `orientation`, `model1`, `model2`) VALUES (190496, 6, 9951.28, 2318.49, 1336.55, 0, 0, 0, 0, 0, 0, 0, 0, 0, 100, 0, 0);
INSERT INTO `creature_movement` (`id`, `point`, `position_x`, `position_y`, `position_z`, `waittime`, `script_id`, `textid1`, `textid2`, `textid3`, `textid4`, `textid5`, `emote`, `spell`, `orientation`, `model1`, `model2`) VALUES (190496, 7, 9951, 2337.6, 1331.27, 0, 0, 0, 0, 0, 0, 0, 0, 0, 100, 0, 0);
INSERT INTO `creature_movement` (`id`, `point`, `position_x`, `position_y`, `position_z`, `waittime`, `script_id`, `textid1`, `textid2`, `textid3`, `textid4`, `textid5`, `emote`, `spell`, `orientation`, `model1`, `model2`) VALUES (190496, 8, 9950.29, 2405.21, 1328.23, 0, 0, 0, 0, 0, 0, 0, 0, 0, 100, 0, 0);
INSERT INTO `creature_movement` (`id`, `point`, `position_x`, `position_y`, `position_z`, `waittime`, `script_id`, `textid1`, `textid2`, `textid3`, `textid4`, `textid5`, `emote`, `spell`, `orientation`, `model1`, `model2`) VALUES (190496, 9, 9949.97, 2433.77, 1324.68, 0, 0, 0, 0, 0, 0, 0, 0, 0, 100, 0, 0);
INSERT INTO `creature_movement` (`id`, `point`, `position_x`, `position_y`, `position_z`, `waittime`, `script_id`, `textid1`, `textid2`, `textid3`, `textid4`, `textid5`, `emote`, `spell`, `orientation`, `model1`, `model2`) VALUES (190496, 10, 9949.52, 2453.58, 1321.11, 0, 0, 0, 0, 0, 0, 0, 0, 0, 100, 0, 0);
INSERT INTO `creature_movement` (`id`, `point`, `position_x`, `position_y`, `position_z`, `waittime`, `script_id`, `textid1`, `textid2`, `textid3`, `textid4`, `textid5`, `emote`, `spell`, `orientation`, `model1`, `model2`) VALUES (190496, 11, 9949.02, 2475.83, 1316.12, 0, 0, 0, 0, 0, 0, 0, 0, 0, 100, 0, 0);
INSERT INTO `creature_movement` (`id`, `point`, `position_x`, `position_y`, `position_z`, `waittime`, `script_id`, `textid1`, `textid2`, `textid3`, `textid4`, `textid5`, `emote`, `spell`, `orientation`, `model1`, `model2`) VALUES (190496, 12, 9948.86, 2482.9, 1316.22, 0, 0, 0, 0, 0, 0, 0, 0, 0, 100, 0, 0);
INSERT INTO `creature_movement` (`id`, `point`, `position_x`, `position_y`, `position_z`, `waittime`, `script_id`, `textid1`, `textid2`, `textid3`, `textid4`, `textid5`, `emote`, `spell`, `orientation`, `model1`, `model2`) VALUES (190496, 13, 9960.6, 2494.16, 1316.46, 0, 0, 0, 0, 0, 0, 0, 0, 0, 100, 0, 0);
INSERT INTO `creature_movement` (`id`, `point`, `position_x`, `position_y`, `position_z`, `waittime`, `script_id`, `textid1`, `textid2`, `textid3`, `textid4`, `textid5`, `emote`, `spell`, `orientation`, `model1`, `model2`) VALUES (190496, 14, 9969.22, 2510.8, 1317.6, 0, 0, 0, 0, 0, 0, 0, 0, 0, 100, 0, 0);
INSERT INTO `creature_movement` (`id`, `point`, `position_x`, `position_y`, `position_z`, `waittime`, `script_id`, `textid1`, `textid2`, `textid3`, `textid4`, `textid5`, `emote`, `spell`, `orientation`, `model1`, `model2`) VALUES (190496, 15, 9986.03, 2519.99, 1316.36, 0, 0, 0, 0, 0, 0, 0, 0, 0, 100, 0, 0);
INSERT INTO `creature_movement` (`id`, `point`, `position_x`, `position_y`, `position_z`, `waittime`, `script_id`, `textid1`, `textid2`, `textid3`, `textid4`, `textid5`, `emote`, `spell`, `orientation`, `model1`, `model2`) VALUES (190496, 16, 9975.02, 2539.73, 1316.31, 0, 0, 0, 0, 0, 0, 0, 0, 0, 100, 0, 0);
INSERT INTO `creature_movement` (`id`, `point`, `position_x`, `position_y`, `position_z`, `waittime`, `script_id`, `textid1`, `textid2`, `textid3`, `textid4`, `textid5`, `emote`, `spell`, `orientation`, `model1`, `model2`) VALUES (190496, 17, 9948.79, 2554.92, 1316.32, 0, 0, 0, 0, 0, 0, 0, 0, 0, 100, 0, 0);
INSERT INTO `creature_movement` (`id`, `point`, `position_x`, `position_y`, `position_z`, `waittime`, `script_id`, `textid1`, `textid2`, `textid3`, `textid4`, `textid5`, `emote`, `spell`, `orientation`, `model1`, `model2`) VALUES (190496, 18, 9947.11, 2572.04, 1318.3, 0, 0, 0, 0, 0, 0, 0, 0, 0, 100, 0, 0);
INSERT INTO `creature_movement` (`id`, `point`, `position_x`, `position_y`, `position_z`, `waittime`, `script_id`, `textid1`, `textid2`, `textid3`, `textid4`, `textid5`, `emote`, `spell`, `orientation`, `model1`, `model2`) VALUES (190496, 19, 9946.96, 2605.64, 1316.19, 0, 0, 0, 0, 0, 0, 0, 0, 0, 100, 0, 0);
INSERT INTO `creature_movement` (`id`, `point`, `position_x`, `position_y`, `position_z`, `waittime`, `script_id`, `textid1`, `textid2`, `textid3`, `textid4`, `textid5`, `emote`, `spell`, `orientation`, `model1`, `model2`) VALUES (190496, 20, 9946.63, 2585.83, 1316.12, 0, 0, 0, 0, 0, 0, 0, 0, 0, 100, 0, 0);
INSERT INTO `creature_movement` (`id`, `point`, `position_x`, `position_y`, `position_z`, `waittime`, `script_id`, `textid1`, `textid2`, `textid3`, `textid4`, `textid5`, `emote`, `spell`, `orientation`, `model1`, `model2`) VALUES (190496, 21, 9946.43, 2573.54, 1318.31, 0, 0, 0, 0, 0, 0, 0, 0, 0, 100, 0, 0);
INSERT INTO `creature_movement` (`id`, `point`, `position_x`, `position_y`, `position_z`, `waittime`, `script_id`, `textid1`, `textid2`, `textid3`, `textid4`, `textid5`, `emote`, `spell`, `orientation`, `model1`, `model2`) VALUES (190496, 22, 9946.2, 2560.24, 1315.77, 0, 0, 0, 0, 0, 0, 0, 0, 0, 100, 0, 0);
INSERT INTO `creature_movement` (`id`, `point`, `position_x`, `position_y`, `position_z`, `waittime`, `script_id`, `textid1`, `textid2`, `textid3`, `textid4`, `textid5`, `emote`, `spell`, `orientation`, `model1`, `model2`) VALUES (190496, 23, 9945.8, 2555.99, 1316.28, 0, 0, 0, 0, 0, 0, 0, 0, 0, 100, 0, 0);
INSERT INTO `creature_movement` (`id`, `point`, `position_x`, `position_y`, `position_z`, `waittime`, `script_id`, `textid1`, `textid2`, `textid3`, `textid4`, `textid5`, `emote`, `spell`, `orientation`, `model1`, `model2`) VALUES (190496, 24, 9931.09, 2551.67, 1317.36, 0, 0, 0, 0, 0, 0, 0, 0, 0, 100, 0, 0);
INSERT INTO `creature_movement` (`id`, `point`, `position_x`, `position_y`, `position_z`, `waittime`, `script_id`, `textid1`, `textid2`, `textid3`, `textid4`, `textid5`, `emote`, `spell`, `orientation`, `model1`, `model2`) VALUES (190496, 25, 9915.98, 2541.26, 1316.83, 0, 0, 0, 0, 0, 0, 0, 0, 0, 100, 0, 0);
INSERT INTO `creature_movement` (`id`, `point`, `position_x`, `position_y`, `position_z`, `waittime`, `script_id`, `textid1`, `textid2`, `textid3`, `textid4`, `textid5`, `emote`, `spell`, `orientation`, `model1`, `model2`) VALUES (190496, 26, 9906.96, 2530.01, 1316.19, 0, 0, 0, 0, 0, 0, 0, 0, 0, 100, 0, 0);
INSERT INTO `creature_movement` (`id`, `point`, `position_x`, `position_y`, `position_z`, `waittime`, `script_id`, `textid1`, `textid2`, `textid3`, `textid4`, `textid5`, `emote`, `spell`, `orientation`, `model1`, `model2`) VALUES (190496, 27, 9899.4, 2529.93, 1315.17, 0, 0, 0, 0, 0, 0, 0, 0, 0, 100, 0, 0);
INSERT INTO `creature_movement` (`id`, `point`, `position_x`, `position_y`, `position_z`, `waittime`, `script_id`, `textid1`, `textid2`, `textid3`, `textid4`, `textid5`, `emote`, `spell`, `orientation`, `model1`, `model2`) VALUES (190496, 28, 9887.01, 2529.8, 1318.71, 0, 0, 0, 0, 0, 0, 0, 0, 0, 100, 0, 0);
INSERT INTO `creature_movement` (`id`, `point`, `position_x`, `position_y`, `position_z`, `waittime`, `script_id`, `textid1`, `textid2`, `textid3`, `textid4`, `textid5`, `emote`, `spell`, `orientation`, `model1`, `model2`) VALUES (190496, 29, 9849.84, 2529.4, 1321.25, 0, 0, 0, 0, 0, 0, 0, 0, 0, 100, 0, 0);
INSERT INTO `creature_movement` (`id`, `point`, `position_x`, `position_y`, `position_z`, `waittime`, `script_id`, `textid1`, `textid2`, `textid3`, `textid4`, `textid5`, `emote`, `spell`, `orientation`, `model1`, `model2`) VALUES (190496, 30, 9776.92, 2527.83, 1318.95, 0, 0, 0, 0, 0, 0, 0, 0, 0, 100, 0, 0);
INSERT INTO `creature_movement` (`id`, `point`, `position_x`, `position_y`, `position_z`, `waittime`, `script_id`, `textid1`, `textid2`, `textid3`, `textid4`, `textid5`, `emote`, `spell`, `orientation`, `model1`, `model2`) VALUES (190496, 31, 9724.57, 2526.01, 1335.68, 0, 0, 0, 0, 0, 0, 0, 0, 0, 100, 0, 0);
INSERT INTO `creature_movement` (`id`, `point`, `position_x`, `position_y`, `position_z`, `waittime`, `script_id`, `textid1`, `textid2`, `textid3`, `textid4`, `textid5`, `emote`, `spell`, `orientation`, `model1`, `model2`) VALUES (190496, 32, 9709.61, 2525.32, 1335.69, 0, 0, 0, 0, 0, 0, 0, 0, 0, 100, 0, 0);
INSERT INTO `creature_movement` (`id`, `point`, `position_x`, `position_y`, `position_z`, `waittime`, `script_id`, `textid1`, `textid2`, `textid3`, `textid4`, `textid5`, `emote`, `spell`, `orientation`, `model1`, `model2`) VALUES (190496, 33, 9724.57, 2526.01, 1335.68, 0, 0, 0, 0, 0, 0, 0, 0, 0, 100, 0, 0);
INSERT INTO `creature_movement` (`id`, `point`, `position_x`, `position_y`, `position_z`, `waittime`, `script_id`, `textid1`, `textid2`, `textid3`, `textid4`, `textid5`, `emote`, `spell`, `orientation`, `model1`, `model2`) VALUES (190496, 34, 9776.92, 2527.83, 1318.95, 0, 0, 0, 0, 0, 0, 0, 0, 0, 100, 0, 0);
INSERT INTO `creature_movement` (`id`, `point`, `position_x`, `position_y`, `position_z`, `waittime`, `script_id`, `textid1`, `textid2`, `textid3`, `textid4`, `textid5`, `emote`, `spell`, `orientation`, `model1`, `model2`) VALUES (190496, 35, 9849.84, 2529.4, 1321.25, 0, 0, 0, 0, 0, 0, 0, 0, 0, 100, 0, 0);
INSERT INTO `creature_movement` (`id`, `point`, `position_x`, `position_y`, `position_z`, `waittime`, `script_id`, `textid1`, `textid2`, `textid3`, `textid4`, `textid5`, `emote`, `spell`, `orientation`, `model1`, `model2`) VALUES (190496, 36, 9887.01, 2529.8, 1318.71, 0, 0, 0, 0, 0, 0, 0, 0, 0, 100, 0, 0);
INSERT INTO `creature_movement` (`id`, `point`, `position_x`, `position_y`, `position_z`, `waittime`, `script_id`, `textid1`, `textid2`, `textid3`, `textid4`, `textid5`, `emote`, `spell`, `orientation`, `model1`, `model2`) VALUES (190496, 37, 9899.4, 2529.93, 1315.17, 0, 0, 0, 0, 0, 0, 0, 0, 0, 100, 0, 0);
INSERT INTO `creature_movement` (`id`, `point`, `position_x`, `position_y`, `position_z`, `waittime`, `script_id`, `textid1`, `textid2`, `textid3`, `textid4`, `textid5`, `emote`, `spell`, `orientation`, `model1`, `model2`) VALUES (190496, 38, 9906.96, 2530.01, 1316.19, 0, 0, 0, 0, 0, 0, 0, 0, 0, 100, 0, 0);
INSERT INTO `creature_movement` (`id`, `point`, `position_x`, `position_y`, `position_z`, `waittime`, `script_id`, `textid1`, `textid2`, `textid3`, `textid4`, `textid5`, `emote`, `spell`, `orientation`, `model1`, `model2`) VALUES (190496, 39, 9915.98, 2541.26, 1316.83, 0, 0, 0, 0, 0, 0, 0, 0, 0, 100, 0, 0);
INSERT INTO `creature_movement` (`id`, `point`, `position_x`, `position_y`, `position_z`, `waittime`, `script_id`, `textid1`, `textid2`, `textid3`, `textid4`, `textid5`, `emote`, `spell`, `orientation`, `model1`, `model2`) VALUES (190496, 40, 9931.09, 2551.67, 1317.36, 0, 0, 0, 0, 0, 0, 0, 0, 0, 100, 0, 0);
INSERT INTO `creature_movement` (`id`, `point`, `position_x`, `position_y`, `position_z`, `waittime`, `script_id`, `textid1`, `textid2`, `textid3`, `textid4`, `textid5`, `emote`, `spell`, `orientation`, `model1`, `model2`) VALUES (190496, 41, 9945.8, 2555.99, 1316.28, 0, 0, 0, 0, 0, 0, 0, 0, 0, 100, 0, 0);
INSERT INTO `creature_movement` (`id`, `point`, `position_x`, `position_y`, `position_z`, `waittime`, `script_id`, `textid1`, `textid2`, `textid3`, `textid4`, `textid5`, `emote`, `spell`, `orientation`, `model1`, `model2`) VALUES (190496, 42, 9946.2, 2560.24, 1315.77, 0, 0, 0, 0, 0, 0, 0, 0, 0, 100, 0, 0);
INSERT INTO `creature_movement` (`id`, `point`, `position_x`, `position_y`, `position_z`, `waittime`, `script_id`, `textid1`, `textid2`, `textid3`, `textid4`, `textid5`, `emote`, `spell`, `orientation`, `model1`, `model2`) VALUES (190496, 43, 9946.43, 2573.54, 1318.31, 0, 0, 0, 0, 0, 0, 0, 0, 0, 100, 0, 0);
INSERT INTO `creature_movement` (`id`, `point`, `position_x`, `position_y`, `position_z`, `waittime`, `script_id`, `textid1`, `textid2`, `textid3`, `textid4`, `textid5`, `emote`, `spell`, `orientation`, `model1`, `model2`) VALUES (190496, 44, 9946.63, 2585.83, 1316.12, 0, 0, 0, 0, 0, 0, 0, 0, 0, 100, 0, 0);
INSERT INTO `creature_movement` (`id`, `point`, `position_x`, `position_y`, `position_z`, `waittime`, `script_id`, `textid1`, `textid2`, `textid3`, `textid4`, `textid5`, `emote`, `spell`, `orientation`, `model1`, `model2`) VALUES (190496, 45, 9946.96, 2605.64, 1316.19, 0, 0, 0, 0, 0, 0, 0, 0, 0, 100, 0, 0);
INSERT INTO `creature_movement` (`id`, `point`, `position_x`, `position_y`, `position_z`, `waittime`, `script_id`, `textid1`, `textid2`, `textid3`, `textid4`, `textid5`, `emote`, `spell`, `orientation`, `model1`, `model2`) VALUES (190496, 46, 9947.11, 2572.04, 1318.3, 0, 0, 0, 0, 0, 0, 0, 0, 0, 100, 0, 0);
INSERT INTO `creature_movement` (`id`, `point`, `position_x`, `position_y`, `position_z`, `waittime`, `script_id`, `textid1`, `textid2`, `textid3`, `textid4`, `textid5`, `emote`, `spell`, `orientation`, `model1`, `model2`) VALUES (190496, 47, 9948.79, 2554.92, 1316.32, 0, 0, 0, 0, 0, 0, 0, 0, 0, 100, 0, 0);
INSERT INTO `creature_movement` (`id`, `point`, `position_x`, `position_y`, `position_z`, `waittime`, `script_id`, `textid1`, `textid2`, `textid3`, `textid4`, `textid5`, `emote`, `spell`, `orientation`, `model1`, `model2`) VALUES (190496, 48, 9975.02, 2539.73, 1316.31, 0, 0, 0, 0, 0, 0, 0, 0, 0, 100, 0, 0);
INSERT INTO `creature_movement` (`id`, `point`, `position_x`, `position_y`, `position_z`, `waittime`, `script_id`, `textid1`, `textid2`, `textid3`, `textid4`, `textid5`, `emote`, `spell`, `orientation`, `model1`, `model2`) VALUES (190496, 49, 9986.03, 2519.99, 1316.36, 0, 0, 0, 0, 0, 0, 0, 0, 0, 100, 0, 0);
INSERT INTO `creature_movement` (`id`, `point`, `position_x`, `position_y`, `position_z`, `waittime`, `script_id`, `textid1`, `textid2`, `textid3`, `textid4`, `textid5`, `emote`, `spell`, `orientation`, `model1`, `model2`) VALUES (190496, 50, 9969.22, 2510.8, 1317.6, 0, 0, 0, 0, 0, 0, 0, 0, 0, 100, 0, 0);
INSERT INTO `creature_movement` (`id`, `point`, `position_x`, `position_y`, `position_z`, `waittime`, `script_id`, `textid1`, `textid2`, `textid3`, `textid4`, `textid5`, `emote`, `spell`, `orientation`, `model1`, `model2`) VALUES (190496, 51, 9960.6, 2494.16, 1316.46, 0, 0, 0, 0, 0, 0, 0, 0, 0, 100, 0, 0);
INSERT INTO `creature_movement` (`id`, `point`, `position_x`, `position_y`, `position_z`, `waittime`, `script_id`, `textid1`, `textid2`, `textid3`, `textid4`, `textid5`, `emote`, `spell`, `orientation`, `model1`, `model2`) VALUES (190496, 52, 9948.86, 2482.9, 1316.22, 0, 0, 0, 0, 0, 0, 0, 0, 0, 100, 0, 0);
INSERT INTO `creature_movement` (`id`, `point`, `position_x`, `position_y`, `position_z`, `waittime`, `script_id`, `textid1`, `textid2`, `textid3`, `textid4`, `textid5`, `emote`, `spell`, `orientation`, `model1`, `model2`) VALUES (190496, 53, 9949.02, 2475.83, 1316.12, 0, 0, 0, 0, 0, 0, 0, 0, 0, 100, 0, 0);
INSERT INTO `creature_movement` (`id`, `point`, `position_x`, `position_y`, `position_z`, `waittime`, `script_id`, `textid1`, `textid2`, `textid3`, `textid4`, `textid5`, `emote`, `spell`, `orientation`, `model1`, `model2`) VALUES (190496, 54, 9949.52, 2453.58, 1321.11, 0, 0, 0, 0, 0, 0, 0, 0, 0, 100, 0, 0);
INSERT INTO `creature_movement` (`id`, `point`, `position_x`, `position_y`, `position_z`, `waittime`, `script_id`, `textid1`, `textid2`, `textid3`, `textid4`, `textid5`, `emote`, `spell`, `orientation`, `model1`, `model2`) VALUES (190496, 55, 9949.97, 2433.77, 1324.68, 0, 0, 0, 0, 0, 0, 0, 0, 0, 100, 0, 0);
INSERT INTO `creature_movement` (`id`, `point`, `position_x`, `position_y`, `position_z`, `waittime`, `script_id`, `textid1`, `textid2`, `textid3`, `textid4`, `textid5`, `emote`, `spell`, `orientation`, `model1`, `model2`) VALUES (190496, 56, 9950.29, 2405.21, 1328.23, 0, 0, 0, 0, 0, 0, 0, 0, 0, 100, 0, 0);
INSERT INTO `creature_movement` (`id`, `point`, `position_x`, `position_y`, `position_z`, `waittime`, `script_id`, `textid1`, `textid2`, `textid3`, `textid4`, `textid5`, `emote`, `spell`, `orientation`, `model1`, `model2`) VALUES (190496, 57, 9951, 2337.6, 1331.27, 0, 0, 0, 0, 0, 0, 0, 0, 0, 100, 0, 0);
INSERT INTO `creature_movement` (`id`, `point`, `position_x`, `position_y`, `position_z`, `waittime`, `script_id`, `textid1`, `textid2`, `textid3`, `textid4`, `textid5`, `emote`, `spell`, `orientation`, `model1`, `model2`) VALUES (190496, 58, 9951.28, 2318.49, 1336.55, 0, 0, 0, 0, 0, 0, 0, 0, 0, 100, 0, 0);
INSERT INTO `creature_movement` (`id`, `point`, `position_x`, `position_y`, `position_z`, `waittime`, `script_id`, `textid1`, `textid2`, `textid3`, `textid4`, `textid5`, `emote`, `spell`, `orientation`, `model1`, `model2`) VALUES (190496, 59, 9952.35, 2302.62, 1336.55, 0, 0, 0, 0, 0, 0, 0, 0, 0, 100, 0, 0);
INSERT INTO `creature_movement` (`id`, `point`, `position_x`, `position_y`, `position_z`, `waittime`, `script_id`, `textid1`, `textid2`, `textid3`, `textid4`, `textid5`, `emote`, `spell`, `orientation`, `model1`, `model2`) VALUES (190496, 60, 9952.4, 2292.36, 1341.39, 0, 0, 0, 0, 0, 0, 0, 0, 0, 100, 0, 0);
INSERT INTO `creature_movement` (`id`, `point`, `position_x`, `position_y`, `position_z`, `waittime`, `script_id`, `textid1`, `textid2`, `textid3`, `textid4`, `textid5`, `emote`, `spell`, `orientation`, `model1`, `model2`) VALUES (190496, 61, 9952.86, 2275.41, 1341.4, 0, 0, 0, 0, 0, 0, 0, 0, 0, 100, 0, 0);
INSERT INTO `creature_movement` (`id`, `point`, `position_x`, `position_y`, `position_z`, `waittime`, `script_id`, `textid1`, `textid2`, `textid3`, `textid4`, `textid5`, `emote`, `spell`, `orientation`, `model1`, `model2`) VALUES (190496, 62, 9953.24, 2253.22, 1335.29, 0, 0, 0, 0, 0, 0, 0, 0, 0, 100, 0, 0);
INSERT INTO `creature_movement` (`id`, `point`, `position_x`, `position_y`, `position_z`, `waittime`, `script_id`, `textid1`, `textid2`, `textid3`, `textid4`, `textid5`, `emote`, `spell`, `orientation`, `model1`, `model2`) VALUES (190496, 63, 9952.47, 2089.45, 1327.72, 0, 0, 0, 0, 0, 0, 0, 0, 0, 100, 0, 0);
INSERT INTO `creature_movement` (`id`, `point`, `position_x`, `position_y`, `position_z`, `waittime`, `script_id`, `textid1`, `textid2`, `textid3`, `textid4`, `textid5`, `emote`, `spell`, `orientation`, `model1`, `model2`) VALUES (190512, 1, -5007.03, -1177.84, 501.66, 0, 0, 0, 0, 0, 0, 0, 0, 0, 100, 0, 0);
INSERT INTO `creature_movement` (`id`, `point`, `position_x`, `position_y`, `position_z`, `waittime`, `script_id`, `textid1`, `textid2`, `textid3`, `textid4`, `textid5`, `emote`, `spell`, `orientation`, `model1`, `model2`) VALUES (190512, 2, -5001.6, -1153.96, 501.66, 0, 0, 0, 0, 0, 0, 0, 0, 0, 100, 0, 0);
INSERT INTO `creature_movement` (`id`, `point`, `position_x`, `position_y`, `position_z`, `waittime`, `script_id`, `textid1`, `textid2`, `textid3`, `textid4`, `textid5`, `emote`, `spell`, `orientation`, `model1`, `model2`) VALUES (190512, 3, -4997.44, -1127.35, 501.696, 0, 0, 0, 0, 0, 0, 0, 0, 0, 100, 0, 0);
INSERT INTO `creature_movement` (`id`, `point`, `position_x`, `position_y`, `position_z`, `waittime`, `script_id`, `textid1`, `textid2`, `textid3`, `textid4`, `textid5`, `emote`, `spell`, `orientation`, `model1`, `model2`) VALUES (190512, 4, -5000.03, -1114.52, 501.651, 0, 0, 0, 0, 0, 0, 0, 0, 0, 100, 0, 0);
INSERT INTO `creature_movement` (`id`, `point`, `position_x`, `position_y`, `position_z`, `waittime`, `script_id`, `textid1`, `textid2`, `textid3`, `textid4`, `textid5`, `emote`, `spell`, `orientation`, `model1`, `model2`) VALUES (190512, 5, -4997.12, -1109.34, 501.667, 0, 0, 0, 0, 0, 0, 0, 0, 0, 100, 0, 0);
INSERT INTO `creature_movement` (`id`, `point`, `position_x`, `position_y`, `position_z`, `waittime`, `script_id`, `textid1`, `textid2`, `textid3`, `textid4`, `textid5`, `emote`, `spell`, `orientation`, `model1`, `model2`) VALUES (190512, 6, -4994.9, -1099, 501.66, 0, 0, 0, 0, 0, 0, 0, 0, 0, 100, 0, 0);
INSERT INTO `creature_movement` (`id`, `point`, `position_x`, `position_y`, `position_z`, `waittime`, `script_id`, `textid1`, `textid2`, `textid3`, `textid4`, `textid5`, `emote`, `spell`, `orientation`, `model1`, `model2`) VALUES (190512, 7, -4994.39, -1087.39, 500.913, 0, 0, 0, 0, 0, 0, 0, 0, 0, 100, 0, 0);
INSERT INTO `creature_movement` (`id`, `point`, `position_x`, `position_y`, `position_z`, `waittime`, `script_id`, `textid1`, `textid2`, `textid3`, `textid4`, `textid5`, `emote`, `spell`, `orientation`, `model1`, `model2`) VALUES (190512, 8, -4992.23, -1050.22, 497.945, 0, 0, 0, 0, 0, 0, 0, 0, 0, 100, 0, 0);
INSERT INTO `creature_movement` (`id`, `point`, `position_x`, `position_y`, `position_z`, `waittime`, `script_id`, `textid1`, `textid2`, `textid3`, `textid4`, `textid5`, `emote`, `spell`, `orientation`, `model1`, `model2`) VALUES (190512, 9, -4990.41, -1041.16, 501.658, 0, 0, 0, 0, 0, 0, 0, 0, 0, 100, 0, 0);
INSERT INTO `creature_movement` (`id`, `point`, `position_x`, `position_y`, `position_z`, `waittime`, `script_id`, `textid1`, `textid2`, `textid3`, `textid4`, `textid5`, `emote`, `spell`, `orientation`, `model1`, `model2`) VALUES (190512, 10, -4986.52, -1020.52, 501.656, 0, 0, 0, 0, 0, 0, 0, 0, 0, 100, 0, 0);
INSERT INTO `creature_movement` (`id`, `point`, `position_x`, `position_y`, `position_z`, `waittime`, `script_id`, `textid1`, `textid2`, `textid3`, `textid4`, `textid5`, `emote`, `spell`, `orientation`, `model1`, `model2`) VALUES (190512, 11, -4958.59, -977.043, 501.622, 0, 0, 0, 0, 0, 0, 0, 0, 0, 100, 0, 0);
INSERT INTO `creature_movement` (`id`, `point`, `position_x`, `position_y`, `position_z`, `waittime`, `script_id`, `textid1`, `textid2`, `textid3`, `textid4`, `textid5`, `emote`, `spell`, `orientation`, `model1`, `model2`) VALUES (190512, 12, -4896.11, -925.091, 501.589, 0, 0, 0, 0, 0, 0, 0, 0, 0, 100, 0, 0);
INSERT INTO `creature_movement` (`id`, `point`, `position_x`, `position_y`, `position_z`, `waittime`, `script_id`, `textid1`, `textid2`, `textid3`, `textid4`, `textid5`, `emote`, `spell`, `orientation`, `model1`, `model2`) VALUES (190512, 13, -4858.81, -910.906, 501.66, 0, 0, 0, 0, 0, 0, 0, 0, 0, 100, 0, 0);
INSERT INTO `creature_movement` (`id`, `point`, `position_x`, `position_y`, `position_z`, `waittime`, `script_id`, `textid1`, `textid2`, `textid3`, `textid4`, `textid5`, `emote`, `spell`, `orientation`, `model1`, `model2`) VALUES (190512, 14, -4822.94, -906.469, 501.66, 0, 0, 0, 0, 0, 0, 0, 0, 0, 100, 0, 0);
INSERT INTO `creature_movement` (`id`, `point`, `position_x`, `position_y`, `position_z`, `waittime`, `script_id`, `textid1`, `textid2`, `textid3`, `textid4`, `textid5`, `emote`, `spell`, `orientation`, `model1`, `model2`) VALUES (190512, 15, -4812.86, -906.403, 497.967, 0, 0, 0, 0, 0, 0, 0, 0, 0, 100, 0, 0);
INSERT INTO `creature_movement` (`id`, `point`, `position_x`, `position_y`, `position_z`, `waittime`, `script_id`, `textid1`, `textid2`, `textid3`, `textid4`, `textid5`, `emote`, `spell`, `orientation`, `model1`, `model2`) VALUES (190512, 16, -4783.43, -907.789, 497.959, 0, 0, 0, 0, 0, 0, 0, 0, 0, 100, 0, 0);
INSERT INTO `creature_movement` (`id`, `point`, `position_x`, `position_y`, `position_z`, `waittime`, `script_id`, `textid1`, `textid2`, `textid3`, `textid4`, `textid5`, `emote`, `spell`, `orientation`, `model1`, `model2`) VALUES (190512, 17, -4775.18, -907.41, 501.667, 0, 0, 0, 0, 0, 0, 0, 0, 0, 100, 0, 0);
INSERT INTO `creature_movement` (`id`, `point`, `position_x`, `position_y`, `position_z`, `waittime`, `script_id`, `textid1`, `textid2`, `textid3`, `textid4`, `textid5`, `emote`, `spell`, `orientation`, `model1`, `model2`) VALUES (190512, 18, -4761.82, -907.258, 501.633, 0, 0, 0, 0, 0, 0, 0, 0, 0, 100, 0, 0);
INSERT INTO `creature_movement` (`id`, `point`, `position_x`, `position_y`, `position_z`, `waittime`, `script_id`, `textid1`, `textid2`, `textid3`, `textid4`, `textid5`, `emote`, `spell`, `orientation`, `model1`, `model2`) VALUES (190512, 19, -4755.1, -910.173, 501.667, 0, 0, 0, 0, 0, 0, 0, 0, 0, 100, 0, 0);
INSERT INTO `creature_movement` (`id`, `point`, `position_x`, `position_y`, `position_z`, `waittime`, `script_id`, `textid1`, `textid2`, `textid3`, `textid4`, `textid5`, `emote`, `spell`, `orientation`, `model1`, `model2`) VALUES (190512, 20, -4702.37, -937.593, 501.673, 0, 0, 0, 0, 0, 0, 0, 0, 0, 100, 0, 0);
INSERT INTO `creature_movement` (`id`, `point`, `position_x`, `position_y`, `position_z`, `waittime`, `script_id`, `textid1`, `textid2`, `textid3`, `textid4`, `textid5`, `emote`, `spell`, `orientation`, `model1`, `model2`) VALUES (190512, 21, -4693.85, -961.51, 501.659, 0, 0, 0, 0, 0, 0, 0, 0, 0, 100, 0, 0);
INSERT INTO `creature_movement` (`id`, `point`, `position_x`, `position_y`, `position_z`, `waittime`, `script_id`, `textid1`, `textid2`, `textid3`, `textid4`, `textid5`, `emote`, `spell`, `orientation`, `model1`, `model2`) VALUES (190512, 22, -4691.43, -974.311, 501.492, 0, 0, 0, 0, 0, 0, 0, 0, 0, 100, 0, 0);
INSERT INTO `creature_movement` (`id`, `point`, `position_x`, `position_y`, `position_z`, `waittime`, `script_id`, `textid1`, `textid2`, `textid3`, `textid4`, `textid5`, `emote`, `spell`, `orientation`, `model1`, `model2`) VALUES (190512, 23, -4718.75, -982.936, 501.537, 0, 0, 0, 0, 0, 0, 0, 0, 0, 100, 0, 0);
INSERT INTO `creature_movement` (`id`, `point`, `position_x`, `position_y`, `position_z`, `waittime`, `script_id`, `textid1`, `textid2`, `textid3`, `textid4`, `textid5`, `emote`, `spell`, `orientation`, `model1`, `model2`) VALUES (190512, 24, -4744.27, -984.132, 501.485, 0, 0, 0, 0, 0, 0, 0, 0, 0, 100, 0, 0);
INSERT INTO `creature_movement` (`id`, `point`, `position_x`, `position_y`, `position_z`, `waittime`, `script_id`, `textid1`, `textid2`, `textid3`, `textid4`, `textid5`, `emote`, `spell`, `orientation`, `model1`, `model2`) VALUES (190512, 25, -4779.13, -1024.8, 502.211, 0, 0, 0, 0, 0, 0, 0, 0, 0, 100, 0, 0);
INSERT INTO `creature_movement` (`id`, `point`, `position_x`, `position_y`, `position_z`, `waittime`, `script_id`, `textid1`, `textid2`, `textid3`, `textid4`, `textid5`, `emote`, `spell`, `orientation`, `model1`, `model2`) VALUES (190512, 26, -4807.38, -1032.69, 502.209, 0, 0, 0, 0, 0, 0, 0, 0, 0, 100, 0, 0);
INSERT INTO `creature_movement` (`id`, `point`, `position_x`, `position_y`, `position_z`, `waittime`, `script_id`, `textid1`, `textid2`, `textid3`, `textid4`, `textid5`, `emote`, `spell`, `orientation`, `model1`, `model2`) VALUES (190512, 27, -4812.82, -1069.17, 502.206, 0, 0, 0, 0, 0, 0, 0, 0, 0, 100, 0, 0);
INSERT INTO `creature_movement` (`id`, `point`, `position_x`, `position_y`, `position_z`, `waittime`, `script_id`, `textid1`, `textid2`, `textid3`, `textid4`, `textid5`, `emote`, `spell`, `orientation`, `model1`, `model2`) VALUES (190512, 28, -4836.54, -1086.65, 502.196, 0, 0, 0, 0, 0, 0, 0, 0, 0, 100, 0, 0);
INSERT INTO `creature_movement` (`id`, `point`, `position_x`, `position_y`, `position_z`, `waittime`, `script_id`, `textid1`, `textid2`, `textid3`, `textid4`, `textid5`, `emote`, `spell`, `orientation`, `model1`, `model2`) VALUES (190512, 29, -4862.22, -1086.39, 502.202, 0, 0, 0, 0, 0, 0, 0, 0, 0, 100, 0, 0);
INSERT INTO `creature_movement` (`id`, `point`, `position_x`, `position_y`, `position_z`, `waittime`, `script_id`, `textid1`, `textid2`, `textid3`, `textid4`, `textid5`, `emote`, `spell`, `orientation`, `model1`, `model2`) VALUES (190512, 30, -4890.83, -1113.34, 501.96, 0, 0, 0, 0, 0, 0, 0, 0, 0, 100, 0, 0);
INSERT INTO `creature_movement` (`id`, `point`, `position_x`, `position_y`, `position_z`, `waittime`, `script_id`, `textid1`, `textid2`, `textid3`, `textid4`, `textid5`, `emote`, `spell`, `orientation`, `model1`, `model2`) VALUES (190512, 31, -4911.88, -1119.41, 501.699, 0, 0, 0, 0, 0, 0, 0, 0, 0, 100, 0, 0);
INSERT INTO `creature_movement` (`id`, `point`, `position_x`, `position_y`, `position_z`, `waittime`, `script_id`, `textid1`, `textid2`, `textid3`, `textid4`, `textid5`, `emote`, `spell`, `orientation`, `model1`, `model2`) VALUES (190512, 32, -4937.18, -1180.6, 501.701, 0, 0, 0, 0, 0, 0, 0, 0, 0, 100, 0, 0);
INSERT INTO `creature_movement` (`id`, `point`, `position_x`, `position_y`, `position_z`, `waittime`, `script_id`, `textid1`, `textid2`, `textid3`, `textid4`, `textid5`, `emote`, `spell`, `orientation`, `model1`, `model2`) VALUES (190512, 33, -4958.12, -1185.43, 501.66, 0, 0, 0, 0, 0, 0, 0, 0, 0, 100, 0, 0);
INSERT INTO `creature_movement` (`id`, `point`, `position_x`, `position_y`, `position_z`, `waittime`, `script_id`, `textid1`, `textid2`, `textid3`, `textid4`, `textid5`, `emote`, `spell`, `orientation`, `model1`, `model2`) VALUES (190512, 34, -5005.38, -1176.96, 501.659, 0, 0, 0, 0, 0, 0, 0, 0, 0, 100, 0, 0);
INSERT INTO `creature_movement` (`id`, `point`, `position_x`, `position_y`, `position_z`, `waittime`, `script_id`, `textid1`, `textid2`, `textid3`, `textid4`, `textid5`, `emote`, `spell`, `orientation`, `model1`, `model2`) VALUES (190520, 1, -8570.55, 536.096, 101.568, 0, 0, 0, 0, 0, 0, 0, 0, 0, 100, 0, 0);
INSERT INTO `creature_movement` (`id`, `point`, `position_x`, `position_y`, `position_z`, `waittime`, `script_id`, `textid1`, `textid2`, `textid3`, `textid4`, `textid5`, `emote`, `spell`, `orientation`, `model1`, `model2`) VALUES (190520, 2, -8562.13, 527.552, 100.848, 0, 0, 0, 0, 0, 0, 0, 0, 0, 100, 0, 0);
INSERT INTO `creature_movement` (`id`, `point`, `position_x`, `position_y`, `position_z`, `waittime`, `script_id`, `textid1`, `textid2`, `textid3`, `textid4`, `textid5`, `emote`, `spell`, `orientation`, `model1`, `model2`) VALUES (190520, 3, -8545.02, 501.789, 98.5899, 0, 0, 0, 0, 0, 0, 0, 0, 0, 100, 0, 0);
INSERT INTO `creature_movement` (`id`, `point`, `position_x`, `position_y`, `position_z`, `waittime`, `script_id`, `textid1`, `textid2`, `textid3`, `textid4`, `textid5`, `emote`, `spell`, `orientation`, `model1`, `model2`) VALUES (190520, 4, -8518.93, 522.048, 98.3434, 0, 0, 0, 0, 0, 0, 0, 0, 0, 100, 0, 0);
INSERT INTO `creature_movement` (`id`, `point`, `position_x`, `position_y`, `position_z`, `waittime`, `script_id`, `textid1`, `textid2`, `textid3`, `textid4`, `textid5`, `emote`, `spell`, `orientation`, `model1`, `model2`) VALUES (190520, 5, -8491.88, 555.915, 97.5228, 0, 0, 0, 0, 0, 0, 0, 0, 0, 100, 0, 0);
INSERT INTO `creature_movement` (`id`, `point`, `position_x`, `position_y`, `position_z`, `waittime`, `script_id`, `textid1`, `textid2`, `textid3`, `textid4`, `textid5`, `emote`, `spell`, `orientation`, `model1`, `model2`) VALUES (190520, 6, -8471.63, 569.622, 96.3419, 0, 0, 0, 0, 0, 0, 0, 0, 0, 100, 0, 0);
INSERT INTO `creature_movement` (`id`, `point`, `position_x`, `position_y`, `position_z`, `waittime`, `script_id`, `textid1`, `textid2`, `textid3`, `textid4`, `textid5`, `emote`, `spell`, `orientation`, `model1`, `model2`) VALUES (190520, 7, -8446.56, 585.956, 94.0389, 0, 0, 0, 0, 0, 0, 0, 0, 0, 100, 0, 0);
INSERT INTO `creature_movement` (`id`, `point`, `position_x`, `position_y`, `position_z`, `waittime`, `script_id`, `textid1`, `textid2`, `textid3`, `textid4`, `textid5`, `emote`, `spell`, `orientation`, `model1`, `model2`) VALUES (190520, 8, -8429.33, 569.955, 93.9131, 0, 0, 0, 0, 0, 0, 0, 0, 0, 100, 0, 0);
INSERT INTO `creature_movement` (`id`, `point`, `position_x`, `position_y`, `position_z`, `waittime`, `script_id`, `textid1`, `textid2`, `textid3`, `textid4`, `textid5`, `emote`, `spell`, `orientation`, `model1`, `model2`) VALUES (190520, 9, -8410.32, 568.215, 92.0255, 0, 0, 0, 0, 0, 0, 0, 0, 0, 100, 0, 0);
INSERT INTO `creature_movement` (`id`, `point`, `position_x`, `position_y`, `position_z`, `waittime`, `script_id`, `textid1`, `textid2`, `textid3`, `textid4`, `textid5`, `emote`, `spell`, `orientation`, `model1`, `model2`) VALUES (190520, 10, -8394.13, 575.455, 91.2665, 0, 0, 0, 0, 0, 0, 0, 0, 0, 100, 0, 0);
INSERT INTO `creature_movement` (`id`, `point`, `position_x`, `position_y`, `position_z`, `waittime`, `script_id`, `textid1`, `textid2`, `textid3`, `textid4`, `textid5`, `emote`, `spell`, `orientation`, `model1`, `model2`) VALUES (190520, 11, -8382.3, 593.915, 92.7951, 0, 0, 0, 0, 0, 0, 0, 0, 0, 100, 0, 0);
INSERT INTO `creature_movement` (`id`, `point`, `position_x`, `position_y`, `position_z`, `waittime`, `script_id`, `textid1`, `textid2`, `textid3`, `textid4`, `textid5`, `emote`, `spell`, `orientation`, `model1`, `model2`) VALUES (190520, 12, -8390.55, 617.003, 95.0653, 0, 0, 0, 0, 0, 0, 0, 0, 0, 100, 0, 0);
INSERT INTO `creature_movement` (`id`, `point`, `position_x`, `position_y`, `position_z`, `waittime`, `script_id`, `textid1`, `textid2`, `textid3`, `textid4`, `textid5`, `emote`, `spell`, `orientation`, `model1`, `model2`) VALUES (190520, 13, -8372.64, 633.326, 94.5912, 0, 0, 0, 0, 0, 0, 0, 0, 0, 100, 0, 0);
INSERT INTO `creature_movement` (`id`, `point`, `position_x`, `position_y`, `position_z`, `waittime`, `script_id`, `textid1`, `textid2`, `textid3`, `textid4`, `textid5`, `emote`, `spell`, `orientation`, `model1`, `model2`) VALUES (190520, 14, -8352.06, 628.119, 95.1563, 0, 0, 0, 0, 0, 0, 0, 0, 0, 100, 0, 0);
INSERT INTO `creature_movement` (`id`, `point`, `position_x`, `position_y`, `position_z`, `waittime`, `script_id`, `textid1`, `textid2`, `textid3`, `textid4`, `textid5`, `emote`, `spell`, `orientation`, `model1`, `model2`) VALUES (190520, 15, -8372.64, 633.326, 94.5912, 0, 0, 0, 0, 0, 0, 0, 0, 0, 100, 0, 0);
INSERT INTO `creature_movement` (`id`, `point`, `position_x`, `position_y`, `position_z`, `waittime`, `script_id`, `textid1`, `textid2`, `textid3`, `textid4`, `textid5`, `emote`, `spell`, `orientation`, `model1`, `model2`) VALUES (190520, 16, -8390.55, 617.003, 95.0653, 0, 0, 0, 0, 0, 0, 0, 0, 0, 100, 0, 0);
INSERT INTO `creature_movement` (`id`, `point`, `position_x`, `position_y`, `position_z`, `waittime`, `script_id`, `textid1`, `textid2`, `textid3`, `textid4`, `textid5`, `emote`, `spell`, `orientation`, `model1`, `model2`) VALUES (190520, 17, -8382.3, 593.915, 92.7951, 0, 0, 0, 0, 0, 0, 0, 0, 0, 100, 0, 0);
INSERT INTO `creature_movement` (`id`, `point`, `position_x`, `position_y`, `position_z`, `waittime`, `script_id`, `textid1`, `textid2`, `textid3`, `textid4`, `textid5`, `emote`, `spell`, `orientation`, `model1`, `model2`) VALUES (190520, 18, -8394.13, 575.455, 91.2665, 0, 0, 0, 0, 0, 0, 0, 0, 0, 100, 0, 0);
INSERT INTO `creature_movement` (`id`, `point`, `position_x`, `position_y`, `position_z`, `waittime`, `script_id`, `textid1`, `textid2`, `textid3`, `textid4`, `textid5`, `emote`, `spell`, `orientation`, `model1`, `model2`) VALUES (190520, 19, -8410.32, 568.215, 92.0255, 0, 0, 0, 0, 0, 0, 0, 0, 0, 100, 0, 0);
INSERT INTO `creature_movement` (`id`, `point`, `position_x`, `position_y`, `position_z`, `waittime`, `script_id`, `textid1`, `textid2`, `textid3`, `textid4`, `textid5`, `emote`, `spell`, `orientation`, `model1`, `model2`) VALUES (190520, 20, -8429.33, 569.955, 93.9131, 0, 0, 0, 0, 0, 0, 0, 0, 0, 100, 0, 0);
INSERT INTO `creature_movement` (`id`, `point`, `position_x`, `position_y`, `position_z`, `waittime`, `script_id`, `textid1`, `textid2`, `textid3`, `textid4`, `textid5`, `emote`, `spell`, `orientation`, `model1`, `model2`) VALUES (190520, 21, -8446.56, 585.956, 94.0389, 0, 0, 0, 0, 0, 0, 0, 0, 0, 100, 0, 0);
INSERT INTO `creature_movement` (`id`, `point`, `position_x`, `position_y`, `position_z`, `waittime`, `script_id`, `textid1`, `textid2`, `textid3`, `textid4`, `textid5`, `emote`, `spell`, `orientation`, `model1`, `model2`) VALUES (190520, 22, -8471.63, 569.622, 96.3419, 0, 0, 0, 0, 0, 0, 0, 0, 0, 100, 0, 0);
INSERT INTO `creature_movement` (`id`, `point`, `position_x`, `position_y`, `position_z`, `waittime`, `script_id`, `textid1`, `textid2`, `textid3`, `textid4`, `textid5`, `emote`, `spell`, `orientation`, `model1`, `model2`) VALUES (190520, 23, -8491.88, 555.915, 97.5228, 0, 0, 0, 0, 0, 0, 0, 0, 0, 100, 0, 0);
INSERT INTO `creature_movement` (`id`, `point`, `position_x`, `position_y`, `position_z`, `waittime`, `script_id`, `textid1`, `textid2`, `textid3`, `textid4`, `textid5`, `emote`, `spell`, `orientation`, `model1`, `model2`) VALUES (190520, 24, -8510.11, 529.336, 98.1213, 0, 0, 0, 0, 0, 0, 0, 0, 0, 100, 0, 0);
INSERT INTO `creature_movement` (`id`, `point`, `position_x`, `position_y`, `position_z`, `waittime`, `script_id`, `textid1`, `textid2`, `textid3`, `textid4`, `textid5`, `emote`, `spell`, `orientation`, `model1`, `model2`) VALUES (190520, 25, -8544.46, 500.948, 98.6426, 0, 0, 0, 0, 0, 0, 0, 0, 0, 100, 0, 0);
INSERT INTO `creature_movement` (`id`, `point`, `position_x`, `position_y`, `position_z`, `waittime`, `script_id`, `textid1`, `textid2`, `textid3`, `textid4`, `textid5`, `emote`, `spell`, `orientation`, `model1`, `model2`) VALUES (190520, 26, -8562.68, 528.108, 100.913, 0, 0, 0, 0, 0, 0, 0, 0, 0, 100, 0, 0);
INSERT INTO `creature_movement` (`id`, `point`, `position_x`, `position_y`, `position_z`, `waittime`, `script_id`, `textid1`, `textid2`, `textid3`, `textid4`, `textid5`, `emote`, `spell`, `orientation`, `model1`, `model2`) VALUES (190520, 27, -8577.11, 542.753, 101.777, 0, 0, 0, 0, 0, 0, 0, 0, 0, 100, 0, 0);
INSERT INTO `creature_movement` (`id`, `point`, `position_x`, `position_y`, `position_z`, `waittime`, `script_id`, `textid1`, `textid2`, `textid3`, `textid4`, `textid5`, `emote`, `spell`, `orientation`, `model1`, `model2`) VALUES (190520, 28, -8597.78, 526.589, 106.411, 0, 0, 0, 0, 0, 0, 0, 0, 0, 100, 0, 0);
INSERT INTO `creature_movement` (`id`, `point`, `position_x`, `position_y`, `position_z`, `waittime`, `script_id`, `textid1`, `textid2`, `textid3`, `textid4`, `textid5`, `emote`, `spell`, `orientation`, `model1`, `model2`) VALUES (190520, 29, -8611.79, 514.084, 103.461, 0, 0, 0, 0, 0, 0, 0, 0, 0, 100, 0, 0);
INSERT INTO `creature_movement` (`id`, `point`, `position_x`, `position_y`, `position_z`, `waittime`, `script_id`, `textid1`, `textid2`, `textid3`, `textid4`, `textid5`, `emote`, `spell`, `orientation`, `model1`, `model2`) VALUES (190520, 30, -8634.36, 537.268, 99.9459, 0, 0, 0, 0, 0, 0, 0, 0, 0, 100, 0, 0);
INSERT INTO `creature_movement` (`id`, `point`, `position_x`, `position_y`, `position_z`, `waittime`, `script_id`, `textid1`, `textid2`, `textid3`, `textid4`, `textid5`, `emote`, `spell`, `orientation`, `model1`, `model2`) VALUES (190520, 31, -8657.58, 553.584, 96.9367, 0, 0, 0, 0, 0, 0, 0, 0, 0, 100, 0, 0);
INSERT INTO `creature_movement` (`id`, `point`, `position_x`, `position_y`, `position_z`, `waittime`, `script_id`, `textid1`, `textid2`, `textid3`, `textid4`, `textid5`, `emote`, `spell`, `orientation`, `model1`, `model2`) VALUES (190520, 32, -8678.6, 549.382, 97.4357, 0, 0, 0, 0, 0, 0, 0, 0, 0, 100, 0, 0);
INSERT INTO `creature_movement` (`id`, `point`, `position_x`, `position_y`, `position_z`, `waittime`, `script_id`, `textid1`, `textid2`, `textid3`, `textid4`, `textid5`, `emote`, `spell`, `orientation`, `model1`, `model2`) VALUES (190520, 33, -8697.52, 533.308, 97.6909, 0, 0, 0, 0, 0, 0, 0, 0, 0, 100, 0, 0);
INSERT INTO `creature_movement` (`id`, `point`, `position_x`, `position_y`, `position_z`, `waittime`, `script_id`, `textid1`, `textid2`, `textid3`, `textid4`, `textid5`, `emote`, `spell`, `orientation`, `model1`, `model2`) VALUES (190520, 34, -8713.68, 518.891, 97.1231, 0, 0, 0, 0, 0, 0, 0, 0, 0, 100, 0, 0);
INSERT INTO `creature_movement` (`id`, `point`, `position_x`, `position_y`, `position_z`, `waittime`, `script_id`, `textid1`, `textid2`, `textid3`, `textid4`, `textid5`, `emote`, `spell`, `orientation`, `model1`, `model2`) VALUES (190520, 35, -8730.44, 539.56, 101.059, 0, 0, 0, 0, 0, 0, 0, 0, 0, 100, 0, 0);
INSERT INTO `creature_movement` (`id`, `point`, `position_x`, `position_y`, `position_z`, `waittime`, `script_id`, `textid1`, `textid2`, `textid3`, `textid4`, `textid5`, `emote`, `spell`, `orientation`, `model1`, `model2`) VALUES (190520, 36, -8748.36, 560.304, 97.4026, 0, 0, 0, 0, 0, 0, 0, 0, 0, 100, 0, 0);
INSERT INTO `creature_movement` (`id`, `point`, `position_x`, `position_y`, `position_z`, `waittime`, `script_id`, `textid1`, `textid2`, `textid3`, `textid4`, `textid5`, `emote`, `spell`, `orientation`, `model1`, `model2`) VALUES (190520, 37, -8735.85, 575.619, 97.4327, 0, 0, 0, 0, 0, 0, 0, 0, 0, 100, 0, 0);
INSERT INTO `creature_movement` (`id`, `point`, `position_x`, `position_y`, `position_z`, `waittime`, `script_id`, `textid1`, `textid2`, `textid3`, `textid4`, `textid5`, `emote`, `spell`, `orientation`, `model1`, `model2`) VALUES (190520, 38, -8770.72, 608.689, 97.1009, 0, 0, 0, 0, 0, 0, 0, 0, 0, 100, 0, 0);
INSERT INTO `creature_movement` (`id`, `point`, `position_x`, `position_y`, `position_z`, `waittime`, `script_id`, `textid1`, `textid2`, `textid3`, `textid4`, `textid5`, `emote`, `spell`, `orientation`, `model1`, `model2`) VALUES (190520, 39, -8799.59, 588.334, 97.2445, 0, 0, 0, 0, 0, 0, 0, 0, 0, 100, 0, 0);
INSERT INTO `creature_movement` (`id`, `point`, `position_x`, `position_y`, `position_z`, `waittime`, `script_id`, `textid1`, `textid2`, `textid3`, `textid4`, `textid5`, `emote`, `spell`, `orientation`, `model1`, `model2`) VALUES (190520, 40, -8819.46, 617.93, 94.6946, 0, 0, 0, 0, 0, 0, 0, 0, 0, 100, 0, 0);
INSERT INTO `creature_movement` (`id`, `point`, `position_x`, `position_y`, `position_z`, `waittime`, `script_id`, `textid1`, `textid2`, `textid3`, `textid4`, `textid5`, `emote`, `spell`, `orientation`, `model1`, `model2`) VALUES (190520, 41, -8840.7, 642.219, 95.5346, 0, 0, 0, 0, 0, 0, 0, 0, 0, 100, 0, 0);
INSERT INTO `creature_movement` (`id`, `point`, `position_x`, `position_y`, `position_z`, `waittime`, `script_id`, `textid1`, `textid2`, `textid3`, `textid4`, `textid5`, `emote`, `spell`, `orientation`, `model1`, `model2`) VALUES (190520, 42, -8851.28, 660.075, 97.0017, 0, 0, 0, 0, 0, 0, 0, 0, 0, 100, 0, 0);
INSERT INTO `creature_movement` (`id`, `point`, `position_x`, `position_y`, `position_z`, `waittime`, `script_id`, `textid1`, `textid2`, `textid3`, `textid4`, `textid5`, `emote`, `spell`, `orientation`, `model1`, `model2`) VALUES (190520, 43, -8824.99, 677.832, 97.6574, 0, 0, 0, 0, 0, 0, 0, 0, 0, 100, 0, 0);
INSERT INTO `creature_movement` (`id`, `point`, `position_x`, `position_y`, `position_z`, `waittime`, `script_id`, `textid1`, `textid2`, `textid3`, `textid4`, `textid5`, `emote`, `spell`, `orientation`, `model1`, `model2`) VALUES (190520, 44, -8845.73, 720.753, 97.3148, 0, 0, 0, 0, 0, 0, 0, 0, 0, 100, 0, 0);
INSERT INTO `creature_movement` (`id`, `point`, `position_x`, `position_y`, `position_z`, `waittime`, `script_id`, `textid1`, `textid2`, `textid3`, `textid4`, `textid5`, `emote`, `spell`, `orientation`, `model1`, `model2`) VALUES (190520, 45, -8870.14, 760.393, 96.7109, 0, 0, 0, 0, 0, 0, 0, 0, 0, 100, 0, 0);
INSERT INTO `creature_movement` (`id`, `point`, `position_x`, `position_y`, `position_z`, `waittime`, `script_id`, `textid1`, `textid2`, `textid3`, `textid4`, `textid5`, `emote`, `spell`, `orientation`, `model1`, `model2`) VALUES (190520, 46, -8880.87, 754.513, 96.3478, 0, 0, 0, 0, 0, 0, 0, 0, 0, 100, 0, 0);
INSERT INTO `creature_movement` (`id`, `point`, `position_x`, `position_y`, `position_z`, `waittime`, `script_id`, `textid1`, `textid2`, `textid3`, `textid4`, `textid5`, `emote`, `spell`, `orientation`, `model1`, `model2`) VALUES (190520, 47, -8909.56, 791.193, 87.4289, 0, 0, 0, 0, 0, 0, 0, 0, 0, 100, 0, 0);
INSERT INTO `creature_movement` (`id`, `point`, `position_x`, `position_y`, `position_z`, `waittime`, `script_id`, `textid1`, `textid2`, `textid3`, `textid4`, `textid5`, `emote`, `spell`, `orientation`, `model1`, `model2`) VALUES (190520, 48, -8899.24, 803.05, 87.6653, 0, 0, 0, 0, 0, 0, 0, 0, 0, 100, 0, 0);
INSERT INTO `creature_movement` (`id`, `point`, `position_x`, `position_y`, `position_z`, `waittime`, `script_id`, `textid1`, `textid2`, `textid3`, `textid4`, `textid5`, `emote`, `spell`, `orientation`, `model1`, `model2`) VALUES (190520, 49, -8898.7, 825.012, 92.1318, 0, 0, 0, 0, 0, 0, 0, 0, 0, 100, 0, 0);
INSERT INTO `creature_movement` (`id`, `point`, `position_x`, `position_y`, `position_z`, `waittime`, `script_id`, `textid1`, `textid2`, `textid3`, `textid4`, `textid5`, `emote`, `spell`, `orientation`, `model1`, `model2`) VALUES (190520, 50, -8907.05, 846.462, 96.0285, 0, 0, 0, 0, 0, 0, 0, 0, 0, 100, 0, 0);
INSERT INTO `creature_movement` (`id`, `point`, `position_x`, `position_y`, `position_z`, `waittime`, `script_id`, `textid1`, `textid2`, `textid3`, `textid4`, `textid5`, `emote`, `spell`, `orientation`, `model1`, `model2`) VALUES (190520, 51, -8894.59, 866.98, 97.405, 0, 0, 0, 0, 0, 0, 0, 0, 0, 100, 0, 0);
INSERT INTO `creature_movement` (`id`, `point`, `position_x`, `position_y`, `position_z`, `waittime`, `script_id`, `textid1`, `textid2`, `textid3`, `textid4`, `textid5`, `emote`, `spell`, `orientation`, `model1`, `model2`) VALUES (190520, 52, -8887.74, 890.776, 103.431, 0, 0, 0, 0, 0, 0, 0, 0, 0, 100, 0, 0);
INSERT INTO `creature_movement` (`id`, `point`, `position_x`, `position_y`, `position_z`, `waittime`, `script_id`, `textid1`, `textid2`, `textid3`, `textid4`, `textid5`, `emote`, `spell`, `orientation`, `model1`, `model2`) VALUES (190520, 53, -8894.48, 911.813, 110.763, 0, 0, 0, 0, 0, 0, 0, 0, 0, 100, 0, 0);
INSERT INTO `creature_movement` (`id`, `point`, `position_x`, `position_y`, `position_z`, `waittime`, `script_id`, `textid1`, `textid2`, `textid3`, `textid4`, `textid5`, `emote`, `spell`, `orientation`, `model1`, `model2`) VALUES (190520, 54, -8854.07, 933.522, 102.07, 0, 0, 0, 0, 0, 0, 0, 0, 0, 100, 0, 0);
INSERT INTO `creature_movement` (`id`, `point`, `position_x`, `position_y`, `position_z`, `waittime`, `script_id`, `textid1`, `textid2`, `textid3`, `textid4`, `textid5`, `emote`, `spell`, `orientation`, `model1`, `model2`) VALUES (190520, 55, -8894.48, 911.813, 110.763, 0, 0, 0, 0, 0, 0, 0, 0, 0, 100, 0, 0);
INSERT INTO `creature_movement` (`id`, `point`, `position_x`, `position_y`, `position_z`, `waittime`, `script_id`, `textid1`, `textid2`, `textid3`, `textid4`, `textid5`, `emote`, `spell`, `orientation`, `model1`, `model2`) VALUES (190520, 56, -8887.74, 890.776, 103.431, 0, 0, 0, 0, 0, 0, 0, 0, 0, 100, 0, 0);
INSERT INTO `creature_movement` (`id`, `point`, `position_x`, `position_y`, `position_z`, `waittime`, `script_id`, `textid1`, `textid2`, `textid3`, `textid4`, `textid5`, `emote`, `spell`, `orientation`, `model1`, `model2`) VALUES (190520, 57, -8894.59, 866.98, 97.405, 0, 0, 0, 0, 0, 0, 0, 0, 0, 100, 0, 0);
INSERT INTO `creature_movement` (`id`, `point`, `position_x`, `position_y`, `position_z`, `waittime`, `script_id`, `textid1`, `textid2`, `textid3`, `textid4`, `textid5`, `emote`, `spell`, `orientation`, `model1`, `model2`) VALUES (190520, 58, -8907.05, 846.462, 96.0285, 0, 0, 0, 0, 0, 0, 0, 0, 0, 100, 0, 0);
INSERT INTO `creature_movement` (`id`, `point`, `position_x`, `position_y`, `position_z`, `waittime`, `script_id`, `textid1`, `textid2`, `textid3`, `textid4`, `textid5`, `emote`, `spell`, `orientation`, `model1`, `model2`) VALUES (190520, 59, -8898.7, 825.012, 92.1318, 0, 0, 0, 0, 0, 0, 0, 0, 0, 100, 0, 0);
INSERT INTO `creature_movement` (`id`, `point`, `position_x`, `position_y`, `position_z`, `waittime`, `script_id`, `textid1`, `textid2`, `textid3`, `textid4`, `textid5`, `emote`, `spell`, `orientation`, `model1`, `model2`) VALUES (190520, 60, -8899.16, 803.142, 87.7088, 0, 0, 0, 0, 0, 0, 0, 0, 0, 100, 0, 0);
INSERT INTO `creature_movement` (`id`, `point`, `position_x`, `position_y`, `position_z`, `waittime`, `script_id`, `textid1`, `textid2`, `textid3`, `textid4`, `textid5`, `emote`, `spell`, `orientation`, `model1`, `model2`) VALUES (190520, 61, -8909.56, 791.193, 87.4289, 0, 0, 0, 0, 0, 0, 0, 0, 0, 100, 0, 0);
INSERT INTO `creature_movement` (`id`, `point`, `position_x`, `position_y`, `position_z`, `waittime`, `script_id`, `textid1`, `textid2`, `textid3`, `textid4`, `textid5`, `emote`, `spell`, `orientation`, `model1`, `model2`) VALUES (190520, 62, -8880.87, 754.513, 96.3478, 0, 0, 0, 0, 0, 0, 0, 0, 0, 100, 0, 0);
INSERT INTO `creature_movement` (`id`, `point`, `position_x`, `position_y`, `position_z`, `waittime`, `script_id`, `textid1`, `textid2`, `textid3`, `textid4`, `textid5`, `emote`, `spell`, `orientation`, `model1`, `model2`) VALUES (190520, 63, -8870.14, 760.393, 96.7109, 0, 0, 0, 0, 0, 0, 0, 0, 0, 100, 0, 0);
INSERT INTO `creature_movement` (`id`, `point`, `position_x`, `position_y`, `position_z`, `waittime`, `script_id`, `textid1`, `textid2`, `textid3`, `textid4`, `textid5`, `emote`, `spell`, `orientation`, `model1`, `model2`) VALUES (190520, 64, -8845.75, 720.794, 97.2726, 0, 0, 0, 0, 0, 0, 0, 0, 0, 100, 0, 0);
INSERT INTO `creature_movement` (`id`, `point`, `position_x`, `position_y`, `position_z`, `waittime`, `script_id`, `textid1`, `textid2`, `textid3`, `textid4`, `textid5`, `emote`, `spell`, `orientation`, `model1`, `model2`) VALUES (190520, 65, -8824.99, 677.832, 97.6574, 0, 0, 0, 0, 0, 0, 0, 0, 0, 100, 0, 0);
INSERT INTO `creature_movement` (`id`, `point`, `position_x`, `position_y`, `position_z`, `waittime`, `script_id`, `textid1`, `textid2`, `textid3`, `textid4`, `textid5`, `emote`, `spell`, `orientation`, `model1`, `model2`) VALUES (190520, 66, -8851.28, 660.075, 97.0017, 0, 0, 0, 0, 0, 0, 0, 0, 0, 100, 0, 0);
INSERT INTO `creature_movement` (`id`, `point`, `position_x`, `position_y`, `position_z`, `waittime`, `script_id`, `textid1`, `textid2`, `textid3`, `textid4`, `textid5`, `emote`, `spell`, `orientation`, `model1`, `model2`) VALUES (190520, 67, -8840.74, 642.262, 95.532, 0, 0, 0, 0, 0, 0, 0, 0, 0, 100, 0, 0);
INSERT INTO `creature_movement` (`id`, `point`, `position_x`, `position_y`, `position_z`, `waittime`, `script_id`, `textid1`, `textid2`, `textid3`, `textid4`, `textid5`, `emote`, `spell`, `orientation`, `model1`, `model2`) VALUES (190520, 68, -8819.46, 617.93, 94.6946, 0, 0, 0, 0, 0, 0, 0, 0, 0, 100, 0, 0);
INSERT INTO `creature_movement` (`id`, `point`, `position_x`, `position_y`, `position_z`, `waittime`, `script_id`, `textid1`, `textid2`, `textid3`, `textid4`, `textid5`, `emote`, `spell`, `orientation`, `model1`, `model2`) VALUES (190520, 69, -8799.59, 588.334, 97.2445, 0, 0, 0, 0, 0, 0, 0, 0, 0, 100, 0, 0);
INSERT INTO `creature_movement` (`id`, `point`, `position_x`, `position_y`, `position_z`, `waittime`, `script_id`, `textid1`, `textid2`, `textid3`, `textid4`, `textid5`, `emote`, `spell`, `orientation`, `model1`, `model2`) VALUES (190520, 70, -8770.72, 608.689, 97.1009, 0, 0, 0, 0, 0, 0, 0, 0, 0, 100, 0, 0);
INSERT INTO `creature_movement` (`id`, `point`, `position_x`, `position_y`, `position_z`, `waittime`, `script_id`, `textid1`, `textid2`, `textid3`, `textid4`, `textid5`, `emote`, `spell`, `orientation`, `model1`, `model2`) VALUES (190520, 71, -8735.85, 575.619, 97.4327, 0, 0, 0, 0, 0, 0, 0, 0, 0, 100, 0, 0);
INSERT INTO `creature_movement` (`id`, `point`, `position_x`, `position_y`, `position_z`, `waittime`, `script_id`, `textid1`, `textid2`, `textid3`, `textid4`, `textid5`, `emote`, `spell`, `orientation`, `model1`, `model2`) VALUES (190520, 72, -8748.36, 560.304, 97.4026, 0, 0, 0, 0, 0, 0, 0, 0, 0, 100, 0, 0);
INSERT INTO `creature_movement` (`id`, `point`, `position_x`, `position_y`, `position_z`, `waittime`, `script_id`, `textid1`, `textid2`, `textid3`, `textid4`, `textid5`, `emote`, `spell`, `orientation`, `model1`, `model2`) VALUES (190520, 73, -8730.58, 539.735, 101.077, 0, 0, 0, 0, 0, 0, 0, 0, 0, 100, 0, 0);
INSERT INTO `creature_movement` (`id`, `point`, `position_x`, `position_y`, `position_z`, `waittime`, `script_id`, `textid1`, `textid2`, `textid3`, `textid4`, `textid5`, `emote`, `spell`, `orientation`, `model1`, `model2`) VALUES (190520, 74, -8713.68, 518.891, 97.1231, 0, 0, 0, 0, 0, 0, 0, 0, 0, 100, 0, 0);
INSERT INTO `creature_movement` (`id`, `point`, `position_x`, `position_y`, `position_z`, `waittime`, `script_id`, `textid1`, `textid2`, `textid3`, `textid4`, `textid5`, `emote`, `spell`, `orientation`, `model1`, `model2`) VALUES (190520, 75, -8697.52, 533.308, 97.6909, 0, 0, 0, 0, 0, 0, 0, 0, 0, 100, 0, 0);
INSERT INTO `creature_movement` (`id`, `point`, `position_x`, `position_y`, `position_z`, `waittime`, `script_id`, `textid1`, `textid2`, `textid3`, `textid4`, `textid5`, `emote`, `spell`, `orientation`, `model1`, `model2`) VALUES (190520, 76, -8678.6, 549.382, 97.4357, 0, 0, 0, 0, 0, 0, 0, 0, 0, 100, 0, 0);
INSERT INTO `creature_movement` (`id`, `point`, `position_x`, `position_y`, `position_z`, `waittime`, `script_id`, `textid1`, `textid2`, `textid3`, `textid4`, `textid5`, `emote`, `spell`, `orientation`, `model1`, `model2`) VALUES (190520, 77, -8657.58, 553.584, 96.9367, 0, 0, 0, 0, 0, 0, 0, 0, 0, 100, 0, 0);
INSERT INTO `creature_movement` (`id`, `point`, `position_x`, `position_y`, `position_z`, `waittime`, `script_id`, `textid1`, `textid2`, `textid3`, `textid4`, `textid5`, `emote`, `spell`, `orientation`, `model1`, `model2`) VALUES (190520, 78, -8634.36, 537.268, 99.9459, 0, 0, 0, 0, 0, 0, 0, 0, 0, 100, 0, 0);
INSERT INTO `creature_movement` (`id`, `point`, `position_x`, `position_y`, `position_z`, `waittime`, `script_id`, `textid1`, `textid2`, `textid3`, `textid4`, `textid5`, `emote`, `spell`, `orientation`, `model1`, `model2`) VALUES (190520, 79, -8611.79, 514.084, 103.461, 0, 0, 0, 0, 0, 0, 0, 0, 0, 100, 0, 0);
INSERT INTO `creature_movement` (`id`, `point`, `position_x`, `position_y`, `position_z`, `waittime`, `script_id`, `textid1`, `textid2`, `textid3`, `textid4`, `textid5`, `emote`, `spell`, `orientation`, `model1`, `model2`) VALUES (190520, 80, -8597.78, 526.589, 106.411, 0, 0, 0, 0, 0, 0, 0, 0, 0, 100, 0, 0);
INSERT INTO `creature_movement` (`id`, `point`, `position_x`, `position_y`, `position_z`, `waittime`, `script_id`, `textid1`, `textid2`, `textid3`, `textid4`, `textid5`, `emote`, `spell`, `orientation`, `model1`, `model2`) VALUES (190520, 81, -8577.11, 542.753, 101.777, 0, 0, 0, 0, 0, 0, 0, 0, 0, 100, 0, 0);

-- Add Stormpike Emissaries with waypoints to group.
INSERT INTO `creature_groups` (`leaderGUID`, `memberGUID`, `dist`, `angle`, `flags`) VALUES (190496, 190497, 3, 0, 3);
INSERT INTO `creature_groups` (`leaderGUID`, `memberGUID`, `dist`, `angle`, `flags`) VALUES (190512, 190513, 3, 0, 3);
INSERT INTO `creature_groups` (`leaderGUID`, `memberGUID`, `dist`, `angle`, `flags`) VALUES (190520, 190521, 3, 0, 3);

-- Fix positions for Frostwolf Emissary in Thunder Bluff.
INSERT INTO `creature` (`guid`, `id`, `map`, `modelid`, `equipment_id`, `position_x`, `position_y`, `position_z`, `orientation`, `spawntimesecs`, `spawndist`, `currentwaypoint`, `curhealth`, `curmana`, `DeathState`, `MovementType`) VALUES (190577, 15106, 1, 0, 0, -1384.86, -83.6998, 159.726, 4.7462, 120, 0, 0, 4108, 0, 0, 0);
INSERT INTO `creature` (`guid`, `id`, `map`, `modelid`, `equipment_id`, `position_x`, `position_y`, `position_z`, `orientation`, `spawntimesecs`, `spawndist`, `currentwaypoint`, `curhealth`, `curmana`, `DeathState`, `MovementType`) VALUES (190576, 15106, 1, 0, 0, -1384.78, -87.3005, 159.192, 1.5929, 120, 0, 0, 4108, 0, 0, 0);
INSERT INTO `creature` (`guid`, `id`, `map`, `modelid`, `equipment_id`, `position_x`, `position_y`, `position_z`, `orientation`, `spawntimesecs`, `spawndist`, `currentwaypoint`, `curhealth`, `curmana`, `DeathState`, `MovementType`) VALUES (190457, 15106, 1, 0, 0, -1051.35, 236.734, 134.64, 5.35816, 120, 0, 0, 4108, 0, 0, 0);
INSERT INTO `creature` (`guid`, `id`, `map`, `modelid`, `equipment_id`, `position_x`, `position_y`, `position_z`, `orientation`, `spawntimesecs`, `spawndist`, `currentwaypoint`, `curhealth`, `curmana`, `DeathState`, `MovementType`) VALUES (190456, 15106, 1, 0, 0, -1049.16, 234.144, 134.639, 2.32129, 120, 0, 0, 4108, 0, 0, 0);
INSERT INTO `creature` (`guid`, `id`, `map`, `modelid`, `equipment_id`, `position_x`, `position_y`, `position_z`, `orientation`, `spawntimesecs`, `spawndist`, `currentwaypoint`, `curhealth`, `curmana`, `DeathState`, `MovementType`) VALUES (190449, 15106, 1, 0, 0, -1381.3, -61.6688, 159.135, 0.0174533, 120, 0, 0, 4108, 0, 0, 0);
INSERT INTO `creature` (`guid`, `id`, `map`, `modelid`, `equipment_id`, `position_x`, `position_y`, `position_z`, `orientation`, `spawntimesecs`, `spawndist`, `currentwaypoint`, `curhealth`, `curmana`, `DeathState`, `MovementType`) VALUES (190448, 15106, 1, 0, 0, -1377.62, -61.9991, 159.279, 2.93215, 120, 0, 0, 4108, 0, 0, 0);
INSERT INTO `creature` (`guid`, `id`, `map`, `modelid`, `equipment_id`, `position_x`, `position_y`, `position_z`, `orientation`, `spawntimesecs`, `spawndist`, `currentwaypoint`, `curhealth`, `curmana`, `DeathState`, `MovementType`) VALUES (190441, 15106, 1, 0, 0, -1275.75, 135.88, 132.1, 2.32129, 120, 0, 0, 4108, 0, 0, 0);
INSERT INTO `creature` (`guid`, `id`, `map`, `modelid`, `equipment_id`, `position_x`, `position_y`, `position_z`, `orientation`, `spawntimesecs`, `spawndist`, `currentwaypoint`, `curhealth`, `curmana`, `DeathState`, `MovementType`) VALUES (190440, 15106, 1, 0, 0, -1277.94, 138.47, 131.94, 5.35816, 120, 0, 0, 4108, 0, 0, 0);
INSERT INTO `creature` (`guid`, `id`, `map`, `modelid`, `equipment_id`, `position_x`, `position_y`, `position_z`, `orientation`, `spawntimesecs`, `spawndist`, `currentwaypoint`, `curhealth`, `curmana`, `DeathState`, `MovementType`) VALUES (190433, 15106, 1, 0, 0, -1090.22, -15.3547, 140.657, 4.15388, 120, 0, 0, 4108, 0, 0, 0);
INSERT INTO `creature` (`guid`, `id`, `map`, `modelid`, `equipment_id`, `position_x`, `position_y`, `position_z`, `orientation`, `spawntimesecs`, `spawndist`, `currentwaypoint`, `curhealth`, `curmana`, `DeathState`, `MovementType`) VALUES (190432, 15106, 1, 0, 0, -1091.7, -17.997, 140.475, 1.13446, 120, 0, 0, 4108, 0, 0, 0);
-- Fix positions for Frostwolf Emissary in Orgrimmar.
INSERT INTO `creature` (`guid`, `id`, `map`, `modelid`, `equipment_id`, `position_x`, `position_y`, `position_z`, `orientation`, `spawntimesecs`, `spawndist`, `currentwaypoint`, `curhealth`, `curmana`, `DeathState`, `MovementType`) VALUES (190425, 15106, 1, 0, 0, 1937.18, -4707.45, 35.7722, 4.36332, 120, 0, 0, 4108, 0, 0, 0);
INSERT INTO `creature` (`guid`, `id`, `map`, `modelid`, `equipment_id`, `position_x`, `position_y`, `position_z`, `orientation`, `spawntimesecs`, `spawndist`, `currentwaypoint`, `curhealth`, `curmana`, `DeathState`, `MovementType`) VALUES (190424, 15106, 1, 0, 0, 1936.91, -4712.06, 37.331, 1.18682, 120, 0, 0, 4108, 0, 0, 0);
INSERT INTO `creature` (`guid`, `id`, `map`, `modelid`, `equipment_id`, `position_x`, `position_y`, `position_z`, `orientation`, `spawntimesecs`, `spawndist`, `currentwaypoint`, `curhealth`, `curmana`, `DeathState`, `MovementType`) VALUES (190409, 15106, 1, 0, 0, 1665.84, -4344.94, 61.5564, 5.37561, 120, 0, 0, 4108, 0, 0, 0);
INSERT INTO `creature` (`guid`, `id`, `map`, `modelid`, `equipment_id`, `position_x`, `position_y`, `position_z`, `orientation`, `spawntimesecs`, `spawndist`, `currentwaypoint`, `curhealth`, `curmana`, `DeathState`, `MovementType`) VALUES (190408, 15106, 1, 0, 0, 1667.64, -4346.96, 61.5564, 2.37365, 120, 0, 0, 4108, 0, 0, 0);
INSERT INTO `creature` (`guid`, `id`, `map`, `modelid`, `equipment_id`, `position_x`, `position_y`, `position_z`, `orientation`, `spawntimesecs`, `spawndist`, `currentwaypoint`, `curhealth`, `curmana`, `DeathState`, `MovementType`) VALUES (190401, 15106, 1, 0, 0, 1660.66, -4385.63, 24.2068, 4.11898, 120, 0, 0, 4108, 0, 0, 0);
INSERT INTO `creature` (`guid`, `id`, `map`, `modelid`, `equipment_id`, `position_x`, `position_y`, `position_z`, `orientation`, `spawntimesecs`, `spawndist`, `currentwaypoint`, `curhealth`, `curmana`, `DeathState`, `MovementType`) VALUES (190400, 15106, 1, 0, 0, 1658.86, -4389.01, 23.9964, 1.13446, 120, 0, 0, 4108, 0, 0, 0);
INSERT INTO `creature` (`guid`, `id`, `map`, `modelid`, `equipment_id`, `position_x`, `position_y`, `position_z`, `orientation`, `spawntimesecs`, `spawndist`, `currentwaypoint`, `curhealth`, `curmana`, `DeathState`, `MovementType`) VALUES (190417, 15106, 1, 0, 0, 1743.73, -3966.88, 49.4691, 0.418879, 120, 0, 0, 4108, 0, 0, 0);
INSERT INTO `creature` (`guid`, `id`, `map`, `modelid`, `equipment_id`, `position_x`, `position_y`, `position_z`, `orientation`, `spawntimesecs`, `spawndist`, `currentwaypoint`, `curhealth`, `curmana`, `DeathState`, `MovementType`) VALUES (190416, 15106, 1, 0, 0, 1747.5, -3965.36, 50.0846, 3.49066, 120, 0, 0, 4108, 0, 0, 0);
-- Fix positions for Frostwolf Emissary in Undercity.
INSERT INTO `creature` (`guid`, `id`, `map`, `modelid`, `equipment_id`, `position_x`, `position_y`, `position_z`, `orientation`, `spawntimesecs`, `spawndist`, `currentwaypoint`, `curhealth`, `curmana`, `DeathState`, `MovementType`) VALUES (190489, 15106, 0, 0, 0, 1593.22, 166.868, -41.3411, 5.81195, 120, 0, 0, 4108, 0, 0, 0);
INSERT INTO `creature` (`guid`, `id`, `map`, `modelid`, `equipment_id`, `position_x`, `position_y`, `position_z`, `orientation`, `spawntimesecs`, `spawndist`, `currentwaypoint`, `curhealth`, `curmana`, `DeathState`, `MovementType`) VALUES (190488, 15106, 0, 0, 0, 1597.46, 164.685, -41.3411, 2.6529, 120, 0, 0, 4108, 0, 0, 0);
INSERT INTO `creature` (`guid`, `id`, `map`, `modelid`, `equipment_id`, `position_x`, `position_y`, `position_z`, `orientation`, `spawntimesecs`, `spawndist`, `currentwaypoint`, `curhealth`, `curmana`, `DeathState`, `MovementType`) VALUES (190481, 15106, 0, 0, 0, 1596.57, 315.891, -41.3411, 3.12414, 120, 0, 0, 4108, 0, 0, 0);
INSERT INTO `creature` (`guid`, `id`, `map`, `modelid`, `equipment_id`, `position_x`, `position_y`, `position_z`, `orientation`, `spawntimesecs`, `spawndist`, `currentwaypoint`, `curhealth`, `curmana`, `DeathState`, `MovementType`) VALUES (190480, 15106, 0, 0, 0, 1593.71, 316.03, -41.3411, 6.21337, 120, 0, 0, 4108, 0, 0, 0);
INSERT INTO `creature` (`guid`, `id`, `map`, `modelid`, `equipment_id`, `position_x`, `position_y`, `position_z`, `orientation`, `spawntimesecs`, `spawndist`, `currentwaypoint`, `curhealth`, `curmana`, `DeathState`, `MovementType`) VALUES (190473, 15106, 0, 0, 0, 1522.57, 242.055, -41.3065, 4.2586, 120, 0, 0, 4108, 0, 0, 0);
INSERT INTO `creature` (`guid`, `id`, `map`, `modelid`, `equipment_id`, `position_x`, `position_y`, `position_z`, `orientation`, `spawntimesecs`, `spawndist`, `currentwaypoint`, `curhealth`, `curmana`, `DeathState`, `MovementType`) VALUES (190472, 15106, 0, 0, 0, 1521.09, 238.709, -41.3065, 1.18682, 120, 0, 0, 4108, 0, 0, 0);

-- Delete wrong spawns for Frostwolf Emissary and Stormpike Emissary.
DELETE FROM `creature` WHERE `guid` IN (54704, 54718, 1179256, 1179257, 1179226, 1179227, 1179228, 1179229, 1179230, 1179231, 1179232, 1179233, 1179234, 1179235, 1179236, 1179237, 1179240, 1179241, 1179242, 1179243, 1179244, 1179245, 1179272, 1179273, 1179276, 1179277);
DELETE FROM `game_event_creature` WHERE `guid` IN (54704, 54718, 1179256, 1179257, 1179226, 1179227, 1179228, 1179229, 1179230, 1179231, 1179232, 1179233, 1179234, 1179235, 1179236, 1179237, 1179240, 1179241, 1179242, 1179243, 1179244, 1179245, 1179272, 1179273, 1179276, 1179277);

-- Add new Frostwolf Emissary spawns to event Call to Arms: Alterac Valley.
INSERT INTO `game_event_creature` (`guid`,`event`) VALUES (190577, 18);
INSERT INTO `game_event_creature` (`guid`,`event`) VALUES (190576, 18);
INSERT INTO `game_event_creature` (`guid`,`event`) VALUES (190457, 18);
INSERT INTO `game_event_creature` (`guid`,`event`) VALUES (190456, 18);
INSERT INTO `game_event_creature` (`guid`,`event`) VALUES (190449, 18);
INSERT INTO `game_event_creature` (`guid`,`event`) VALUES (190448, 18);
INSERT INTO `game_event_creature` (`guid`,`event`) VALUES (190441, 18);
INSERT INTO `game_event_creature` (`guid`,`event`) VALUES (190440, 18);
INSERT INTO `game_event_creature` (`guid`,`event`) VALUES (190433, 18);
INSERT INTO `game_event_creature` (`guid`,`event`) VALUES (190432, 18);
INSERT INTO `game_event_creature` (`guid`,`event`) VALUES (190425, 18);
INSERT INTO `game_event_creature` (`guid`,`event`) VALUES (190424, 18);
INSERT INTO `game_event_creature` (`guid`,`event`) VALUES (190409, 18);
INSERT INTO `game_event_creature` (`guid`,`event`) VALUES (190408, 18);
INSERT INTO `game_event_creature` (`guid`,`event`) VALUES (190401, 18);
INSERT INTO `game_event_creature` (`guid`,`event`) VALUES (190400, 18);
INSERT INTO `game_event_creature` (`guid`,`event`) VALUES (190417, 18);
INSERT INTO `game_event_creature` (`guid`,`event`) VALUES (190416, 18);
INSERT INTO `game_event_creature` (`guid`,`event`) VALUES (190489, 18);
INSERT INTO `game_event_creature` (`guid`,`event`) VALUES (190488, 18);
INSERT INTO `game_event_creature` (`guid`,`event`) VALUES (190481, 18);
INSERT INTO `game_event_creature` (`guid`,`event`) VALUES (190480, 18);
INSERT INTO `game_event_creature` (`guid`,`event`) VALUES (190473, 18);
INSERT INTO `game_event_creature` (`guid`,`event`) VALUES (190472, 18);

-- https://www.youtube.com/watch?v=iJ95_QptAF8
-- https://www.youtube.com/watch?v=dsMRn0hJ74U

-- Fix positions for Warsong Clan Banners
REPLACE INTO `gameobject` (`guid`, `id`, `map`, `position_x`, `position_y`, `position_z`, `orientation`, `rotation0`, `rotation1`, `rotation2`, `rotation3`, `spawntimesecs`, `animprogress`, `state`, `spawnFlags`) VALUES (399484, 180394, 0, 1334.08, 314.425, -63.6818, 2.85961, 0, 0, 0.990077, 0.140527, 25, 100, 1, 0);
REPLACE INTO `gameobject` (`guid`, `id`, `map`, `position_x`, `position_y`, `position_z`, `orientation`, `rotation0`, `rotation1`, `rotation2`, `rotation3`, `spawntimesecs`, `animprogress`, `state`, `spawnFlags`) VALUES (399485, 180394, 0, 1251.67, 311.037, -63.6828, 0.277002, 0, 0, 0.138058, 0.990424, 180, 100, 1, 0);

-- Remove wrong Alliance WSG banners.
DELETE FROM `gameobject` WHERE `guid`=29295;
DELETE FROM `gameobject` WHERE `guid`=29297;
DELETE FROM `gameobject` WHERE `guid`=29302;
DELETE FROM `gameobject` WHERE `guid`=29593;
DELETE FROM `gameobject` WHERE `guid`=29595;
DELETE FROM `gameobject` WHERE `guid`=29597;
DELETE FROM `gameobject` WHERE `guid`=29968;
DELETE FROM `gameobject` WHERE `guid`=30653;
DELETE FROM `gameobject` WHERE `guid`=30688;
DELETE FROM `gameobject` WHERE `guid`=30690;
DELETE FROM `gameobject` WHERE `guid`=399488;
DELETE FROM `gameobject` WHERE `guid`=399492;
DELETE FROM `gameobject` WHERE `guid`=399493;
DELETE FROM `gameobject` WHERE `guid`=399498;
DELETE FROM `gameobject` WHERE `guid`=399499;
DELETE FROM `gameobject` WHERE `guid`=399504;
DELETE FROM `gameobject` WHERE `guid`=399505;
DELETE FROM `gameobject` WHERE `guid`=399510;
DELETE FROM `gameobject` WHERE `guid`=399511;
DELETE FROM `gameobject` WHERE `guid`=399516;
DELETE FROM `gameobject` WHERE `guid`=399517;
DELETE FROM `gameobject` WHERE `guid`=399522;
DELETE FROM `gameobject` WHERE `guid`=399523;
DELETE FROM `gameobject` WHERE `guid`=399528;
DELETE FROM `gameobject` WHERE `guid`=399529;
DELETE FROM `gameobject` WHERE `guid`=399534;

-- Wrong entry used for Horde WSG flags.
UPDATE `gameobject` SET `id`=180394 WHERE `id`=210068;

-- Add Alliance WSG flag spawns for event Call to Arms: Warsong Gulch.
INSERT INTO `gameobject` (`guid`, `id`, `map`, `position_x`, `position_y`, `position_z`, `orientation`, `rotation0`, `rotation1`, `rotation2`, `rotation3`, `spawntimesecs`, `animprogress`, `state`) VALUES (190000, 180397, 0, -8842.76, 654.543, 97.2775, -2.47837, 0, 0, 0, 0, 180, 100, 1);
INSERT INTO `gameobject` (`guid`, `id`, `map`, `position_x`, `position_y`, `position_z`, `orientation`, `rotation0`, `rotation1`, `rotation2`, `rotation3`, `spawntimesecs`, `animprogress`, `state`) VALUES (190006, 180397, 0, -8870.4, 544.658, 106.284, -1.22173, 0, 0, 0, 0, 180, 100, 1);
INSERT INTO `gameobject` (`guid`, `id`, `map`, `position_x`, `position_y`, `position_z`, `orientation`, `rotation0`, `rotation1`, `rotation2`, `rotation3`, `spawntimesecs`, `animprogress`, `state`) VALUES (190036, 180397, 1, 9965.32, 2179.72, 1328.07, -2.54818, 0, 0, 0, 0, 180, 100, 1);
INSERT INTO `gameobject` (`guid`, `id`, `map`, `position_x`, `position_y`, `position_z`, `orientation`, `rotation0`, `rotation1`, `rotation2`, `rotation3`, `spawntimesecs`, `animprogress`, `state`) VALUES (190003, 180400, 0, -8843.05, 654.157, 98.1323, -2.53073, 0, 0, 0, 0, 180, 100, 1);
INSERT INTO `gameobject` (`guid`, `id`, `map`, `position_x`, `position_y`, `position_z`, `orientation`, `rotation0`, `rotation1`, `rotation2`, `rotation3`, `spawntimesecs`, `animprogress`, `state`) VALUES (190009, 180400, 0, -8870.3, 544.276, 107.261, 5.0603, 0, 0, 0, 0, 180, 100, 1);
INSERT INTO `gameobject` (`guid`, `id`, `map`, `position_x`, `position_y`, `position_z`, `orientation`, `rotation0`, `rotation1`, `rotation2`, `rotation3`, `spawntimesecs`, `animprogress`, `state`) VALUES (190039, 180400, 1, 9964.87, 2179.44, 1328.91, 3.7134, 0, 0, 0, 0, 180, 100, 1);
INSERT INTO `gameobject` (`guid`, `id`, `map`, `position_x`, `position_y`, `position_z`, `orientation`, `rotation0`, `rotation1`, `rotation2`, `rotation3`, `spawntimesecs`, `animprogress`, `state`) VALUES (190045, 180400, 1, 9984.72, 2342.8, 1331.69, 3.136, 0, 0, 0, 0, 180, 100, 1);
INSERT INTO `gameobject` (`guid`, `id`, `map`, `position_x`, `position_y`, `position_z`, `orientation`, `rotation0`, `rotation1`, `rotation2`, `rotation3`, `spawntimesecs`, `animprogress`, `state`) VALUES (190051, 180400, 1, 9720.44, 2545.07, 1336.61, 2.14675, 0, 0, 0, 0, 180, 100, 1);
INSERT INTO `gameobject` (`guid`, `id`, `map`, `position_x`, `position_y`, `position_z`, `orientation`, `rotation0`, `rotation1`, `rotation2`, `rotation3`, `spawntimesecs`, `animprogress`, `state`) VALUES (190057, 180400, 0, -4832.84, -1171.19, 503.123, 1.509, 0, 0, 0, 0, 180, 100, 1);
INSERT INTO `gameobject` (`guid`, `id`, `map`, `position_x`, `position_y`, `position_z`, `orientation`, `rotation0`, `rotation1`, `rotation2`, `rotation3`, `spawntimesecs`, `animprogress`, `state`) VALUES (190015, 180400, 0, -8847.33, 594.026, 94.2901, -0.698132, 0, 0, 0, 0, 180, 100, 1);
INSERT INTO `gameobject` (`guid`, `id`, `map`, `position_x`, `position_y`, `position_z`, `orientation`, `rotation0`, `rotation1`, `rotation2`, `rotation3`, `spawntimesecs`, `animprogress`, `state`) VALUES (190063, 180400, 0, -4675.23, -985.175, 502.726, 1.16136, 0, 0, 0, 0, 180, 100, 1);
INSERT INTO `gameobject` (`guid`, `id`, `map`, `position_x`, `position_y`, `position_z`, `orientation`, `rotation0`, `rotation1`, `rotation2`, `rotation3`, `spawntimesecs`, `animprogress`, `state`) VALUES (190069, 180400, 0, -8387.14, 288.112, 121.713, 3.78082, 0, 0, 0, 0, 180, 100, 1);
INSERT INTO `gameobject` (`guid`, `id`, `map`, `position_x`, `position_y`, `position_z`, `orientation`, `rotation0`, `rotation1`, `rotation2`, `rotation3`, `spawntimesecs`, `animprogress`, `state`) VALUES (190021, 180400, 0, -4919.66, -844.965, 502.425, -2.40855, 0, 0, 0, 0, 180, 100, 1);
INSERT INTO `gameobject` (`guid`, `id`, `map`, `position_x`, `position_y`, `position_z`, `orientation`, `rotation0`, `rotation1`, `rotation2`, `rotation3`, `spawntimesecs`, `animprogress`, `state`) VALUES (190027, 180400, 0, -5034.97, -921.89, 502.626, 6.14817, 0, 0, 0, 0, 180, 100, 1);
INSERT INTO `gameobject` (`guid`, `id`, `map`, `position_x`, `position_y`, `position_z`, `orientation`, `rotation0`, `rotation1`, `rotation2`, `rotation3`, `spawntimesecs`, `animprogress`, `state`) VALUES (190075, 180400, 1, 9963.41, 2490.16, 1316.9, 3.08694, 0, 0, 0, 0, 180, 100, 1);
INSERT INTO `gameobject` (`guid`, `id`, `map`, `position_x`, `position_y`, `position_z`, `orientation`, `rotation0`, `rotation1`, `rotation2`, `rotation3`, `spawntimesecs`, `animprogress`, `state`) VALUES (190081, 180400, 0, -5034.64, -1263.19, 506.317, 0.701464, 0, 0, 0, 0, 180, 100, 1);
INSERT INTO `gameobject` (`guid`, `id`, `map`, `position_x`, `position_y`, `position_z`, `orientation`, `rotation0`, `rotation1`, `rotation2`, `rotation3`, `spawntimesecs`, `animprogress`, `state`) VALUES (190087, 180400, 0, -8411.21, 577.031, 92.8777, -0.9599, 0, 0, 0, 0, 180, 100, 1);
INSERT INTO `gameobject` (`guid`, `id`, `map`, `position_x`, `position_y`, `position_z`, `orientation`, `rotation0`, `rotation1`, `rotation2`, `rotation3`, `spawntimesecs`, `animprogress`, `state`) VALUES (190042, 180397, 1, 9985.22, 2342.83, 1330.79, 0, 0, 0, 0, 0, 180, 100, 1);
INSERT INTO `gameobject` (`guid`, `id`, `map`, `position_x`, `position_y`, `position_z`, `orientation`, `rotation0`, `rotation1`, `rotation2`, `rotation3`, `spawntimesecs`, `animprogress`, `state`) VALUES (190048, 180397, 1, 9720.18, 2545.46, 1335.68, -0.977383, 0, 0, 0, 0, 180, 100, 1);
INSERT INTO `gameobject` (`guid`, `id`, `map`, `position_x`, `position_y`, `position_z`, `orientation`, `rotation0`, `rotation1`, `rotation2`, `rotation3`, `spawntimesecs`, `animprogress`, `state`) VALUES (190054, 180397, 0, -4832.88, -1171.66, 502.195, 1.509, 0, 0, 0, 0, 180, 100, 1);
INSERT INTO `gameobject` (`guid`, `id`, `map`, `position_x`, `position_y`, `position_z`, `orientation`, `rotation0`, `rotation1`, `rotation2`, `rotation3`, `spawntimesecs`, `animprogress`, `state`) VALUES (190012, 180397, 0, -8846.94, 593.738, 93.4625, 2.42601, 0, 0, 0, 0, 180, 100, 1);
INSERT INTO `gameobject` (`guid`, `id`, `map`, `position_x`, `position_y`, `position_z`, `orientation`, `rotation0`, `rotation1`, `rotation2`, `rotation3`, `spawntimesecs`, `animprogress`, `state`) VALUES (190018, 180397, 0, -4919.31, -844.615, 501.661, -0.855212, 0, 0, 0, 0, 180, 100, 1);
INSERT INTO `gameobject` (`guid`, `id`, `map`, `position_x`, `position_y`, `position_z`, `orientation`, `rotation0`, `rotation1`, `rotation2`, `rotation3`, `spawntimesecs`, `animprogress`, `state`) VALUES (190060, 180397, 0, -4675.27, -985.681, 501.859, 1.16136, 0, 0, 0, 0, 180, 100, 1);
INSERT INTO `gameobject` (`guid`, `id`, `map`, `position_x`, `position_y`, `position_z`, `orientation`, `rotation0`, `rotation1`, `rotation2`, `rotation3`, `spawntimesecs`, `animprogress`, `state`) VALUES (190066, 180397, 0, -8386.73, 288.405, 120.886, -2.47837, 0, 0, 0, 0, 180, 100, 1);
INSERT INTO `gameobject` (`guid`, `id`, `map`, `position_x`, `position_y`, `position_z`, `orientation`, `rotation0`, `rotation1`, `rotation2`, `rotation3`, `spawntimesecs`, `animprogress`, `state`) VALUES (190024, 180397, 0, -5035.49, -921.804, 501.659, -0.122173, 0, 0, 0, 0, 180, 100, 1);
INSERT INTO `gameobject` (`guid`, `id`, `map`, `position_x`, `position_y`, `position_z`, `orientation`, `rotation0`, `rotation1`, `rotation2`, `rotation3`, `spawntimesecs`, `animprogress`, `state`) VALUES (190072, 180397, 1, 9963.93, 2490.04, 1316.05, 0, 0, 0, 0, 0, 180, 100, 1);
INSERT INTO `gameobject` (`guid`, `id`, `map`, `position_x`, `position_y`, `position_z`, `orientation`, `rotation0`, `rotation1`, `rotation2`, `rotation3`, `spawntimesecs`, `animprogress`, `state`) VALUES (190078, 180397, 0, -5035.03, -1263.47, 505.4, 0.698132, 0, 0, 0, 0, 180, 100, 1);
INSERT INTO `gameobject` (`guid`, `id`, `map`, `position_x`, `position_y`, `position_z`, `orientation`, `rotation0`, `rotation1`, `rotation2`, `rotation3`, `spawntimesecs`, `animprogress`, `state`) VALUES (190084, 180397, 0, -8411.49, 577.444, 91.9777, -0.9599, 0, 0, 0, 0, 180, 100, 1);

-- Add new Alliance WSG flag spawns to event Call to Arms: Warsong Gulch.
DELETE FROM `game_event_gameobject` WHERE `event`=19;
INSERT INTO `game_event_gameobject` (`guid`, `event`) VALUES (399475, 19);
INSERT INTO `game_event_gameobject` (`guid`, `event`) VALUES (399476, 19);
INSERT INTO `game_event_gameobject` (`guid`, `event`) VALUES (399477, 19);
INSERT INTO `game_event_gameobject` (`guid`, `event`) VALUES (399478, 19);
INSERT INTO `game_event_gameobject` (`guid`, `event`) VALUES (399479, 19);
INSERT INTO `game_event_gameobject` (`guid`, `event`) VALUES (399480, 19);
INSERT INTO `game_event_gameobject` (`guid`, `event`) VALUES (399481, 19);
INSERT INTO `game_event_gameobject` (`guid`, `event`) VALUES (399482, 19);
INSERT INTO `game_event_gameobject` (`guid`, `event`) VALUES (399483, 19);
INSERT INTO `game_event_gameobject` (`guid`, `event`) VALUES (399484, 19);
INSERT INTO `game_event_gameobject` (`guid`, `event`) VALUES (399485, 19);
INSERT INTO `game_event_gameobject` (`guid`, `event`) VALUES (190000, 19);
INSERT INTO `game_event_gameobject` (`guid`, `event`) VALUES (190006, 19);
INSERT INTO `game_event_gameobject` (`guid`, `event`) VALUES (190036, 19);
INSERT INTO `game_event_gameobject` (`guid`, `event`) VALUES (190042, 19);
INSERT INTO `game_event_gameobject` (`guid`, `event`) VALUES (190048, 19);
INSERT INTO `game_event_gameobject` (`guid`, `event`) VALUES (190054, 19);
INSERT INTO `game_event_gameobject` (`guid`, `event`) VALUES (190012, 19);
INSERT INTO `game_event_gameobject` (`guid`, `event`) VALUES (190018, 19);
INSERT INTO `game_event_gameobject` (`guid`, `event`) VALUES (190060, 19);
INSERT INTO `game_event_gameobject` (`guid`, `event`) VALUES (190024, 19);
INSERT INTO `game_event_gameobject` (`guid`, `event`) VALUES (190066, 19);
INSERT INTO `game_event_gameobject` (`guid`, `event`) VALUES (190072, 19);
INSERT INTO `game_event_gameobject` (`guid`, `event`) VALUES (190078, 19);
INSERT INTO `game_event_gameobject` (`guid`, `event`) VALUES (190084, 19);
INSERT INTO `game_event_gameobject` (`guid`, `event`) VALUES (190003, 19);
INSERT INTO `game_event_gameobject` (`guid`, `event`) VALUES (190009, 19);
INSERT INTO `game_event_gameobject` (`guid`, `event`) VALUES (190039, 19);
INSERT INTO `game_event_gameobject` (`guid`, `event`) VALUES (190045, 19);
INSERT INTO `game_event_gameobject` (`guid`, `event`) VALUES (190051, 19);
INSERT INTO `game_event_gameobject` (`guid`, `event`) VALUES (190057, 19);
INSERT INTO `game_event_gameobject` (`guid`, `event`) VALUES (190015, 19);
INSERT INTO `game_event_gameobject` (`guid`, `event`) VALUES (190063, 19);
INSERT INTO `game_event_gameobject` (`guid`, `event`) VALUES (190069, 19);
INSERT INTO `game_event_gameobject` (`guid`, `event`) VALUES (190021, 19);
INSERT INTO `game_event_gameobject` (`guid`, `event`) VALUES (190027, 19);
INSERT INTO `game_event_gameobject` (`guid`, `event`) VALUES (190075, 19);
INSERT INTO `game_event_gameobject` (`guid`, `event`) VALUES (190081, 19);
INSERT INTO `game_event_gameobject` (`guid`, `event`) VALUES (190087, 19);

-- Remove wrong Silverwing Sentinel spawns.
DELETE FROM `creature` WHERE `guid`=1179278;
DELETE FROM `creature` WHERE `guid`=1179279;
DELETE FROM `creature` WHERE `guid`=1179280;
DELETE FROM `creature` WHERE `guid`=1179281;
DELETE FROM `creature` WHERE `guid`=1179282;
DELETE FROM `creature` WHERE `guid`=1179283;
DELETE FROM `creature` WHERE `guid`=1179284;
DELETE FROM `creature` WHERE `guid`=1179285;
DELETE FROM `creature` WHERE `guid`=1179286;
DELETE FROM `creature` WHERE `guid`=1179287;
DELETE FROM `creature` WHERE `guid`=1179288;
DELETE FROM `creature` WHERE `guid`=1179289;
DELETE FROM `creature` WHERE `guid`=1179290;
DELETE FROM `creature` WHERE `guid`=1179291;
DELETE FROM `creature` WHERE `guid`=1179292;
DELETE FROM `creature` WHERE `guid`=1179293;
DELETE FROM `creature` WHERE `guid`=1179294;
DELETE FROM `creature` WHERE `guid`=1179295;
DELETE FROM `creature` WHERE `guid`=1179296;
DELETE FROM `creature` WHERE `guid`=1179297;
DELETE FROM `creature` WHERE `guid`=1179298;
DELETE FROM `creature` WHERE `guid`=1179299;
DELETE FROM `creature` WHERE `guid`=1179300;
DELETE FROM `creature` WHERE `guid`=1179301;
DELETE FROM `creature` WHERE `guid`=1179302;
DELETE FROM `creature` WHERE `guid`=1179303;
DELETE FROM `creature` WHERE `guid`=1179304;
DELETE FROM `creature` WHERE `guid`=1179305;
DELETE FROM `creature` WHERE `guid`=1179306;
DELETE FROM `creature` WHERE `guid`=1179307;
DELETE FROM `creature` WHERE `guid`=1179308;
DELETE FROM `creature` WHERE `guid`=1179309;
DELETE FROM `creature` WHERE `guid`=1179310;
DELETE FROM `creature` WHERE `guid`=1179311;
DELETE FROM `creature` WHERE `guid`=1179312;
DELETE FROM `creature` WHERE `guid`=1179313;
DELETE FROM `creature` WHERE `guid`=1179314;
DELETE FROM `creature` WHERE `guid`=1179315;
DELETE FROM `creature` WHERE `guid`=1179316;
DELETE FROM `creature` WHERE `guid`=1179317;
DELETE FROM `creature` WHERE `guid`=1179318;
DELETE FROM `creature` WHERE `guid`=1179319;
DELETE FROM `creature` WHERE `guid`=1179320;
-- Remove wrong Silverwing Sentinel spawns from event Call to Arms: Warsong Gulch.
DELETE FROM `game_event_creature` WHERE `guid`=1179278;
DELETE FROM `game_event_creature` WHERE `guid`=1179279;
DELETE FROM `game_event_creature` WHERE `guid`=1179280;
DELETE FROM `game_event_creature` WHERE `guid`=1179281;
DELETE FROM `game_event_creature` WHERE `guid`=1179282;
DELETE FROM `game_event_creature` WHERE `guid`=1179283;
DELETE FROM `game_event_creature` WHERE `guid`=1179284;
DELETE FROM `game_event_creature` WHERE `guid`=1179285;
DELETE FROM `game_event_creature` WHERE `guid`=1179286;
DELETE FROM `game_event_creature` WHERE `guid`=1179287;
DELETE FROM `game_event_creature` WHERE `guid`=1179288;
DELETE FROM `game_event_creature` WHERE `guid`=1179289;
DELETE FROM `game_event_creature` WHERE `guid`=1179290;
DELETE FROM `game_event_creature` WHERE `guid`=1179291;
DELETE FROM `game_event_creature` WHERE `guid`=1179292;
DELETE FROM `game_event_creature` WHERE `guid`=1179293;
DELETE FROM `game_event_creature` WHERE `guid`=1179294;
DELETE FROM `game_event_creature` WHERE `guid`=1179295;
DELETE FROM `game_event_creature` WHERE `guid`=1179296;
DELETE FROM `game_event_creature` WHERE `guid`=1179297;
DELETE FROM `game_event_creature` WHERE `guid`=1179298;
DELETE FROM `game_event_creature` WHERE `guid`=1179299;
DELETE FROM `game_event_creature` WHERE `guid`=1179300;
DELETE FROM `game_event_creature` WHERE `guid`=1179301;
DELETE FROM `game_event_creature` WHERE `guid`=1179302;
DELETE FROM `game_event_creature` WHERE `guid`=1179303;
DELETE FROM `game_event_creature` WHERE `guid`=1179304;
DELETE FROM `game_event_creature` WHERE `guid`=1179305;
DELETE FROM `game_event_creature` WHERE `guid`=1179306;
DELETE FROM `game_event_creature` WHERE `guid`=1179307;
DELETE FROM `game_event_creature` WHERE `guid`=1179308;
DELETE FROM `game_event_creature` WHERE `guid`=1179309;
DELETE FROM `game_event_creature` WHERE `guid`=1179310;
DELETE FROM `game_event_creature` WHERE `guid`=1179311;
DELETE FROM `game_event_creature` WHERE `guid`=1179312;
DELETE FROM `game_event_creature` WHERE `guid`=1179313;
DELETE FROM `game_event_creature` WHERE `guid`=1179314;
DELETE FROM `game_event_creature` WHERE `guid`=1179315;
DELETE FROM `game_event_creature` WHERE `guid`=1179316;
DELETE FROM `game_event_creature` WHERE `guid`=1179317;
DELETE FROM `game_event_creature` WHERE `guid`=1179318;
DELETE FROM `game_event_creature` WHERE `guid`=1179319;
DELETE FROM `game_event_creature` WHERE `guid`=1179320;

-- Add new Silverwing Sentinel spawns.
INSERT INTO `creature` (`guid`, `id`, `map`, `modelid`, `equipment_id`, `position_x`, `position_y`, `position_z`, `orientation`, `spawntimesecs`, `spawndist`, `currentwaypoint`, `curhealth`, `curmana`, `DeathState`, `MovementType`) VALUES (190523, 15102, 0, 0, 0, -8569.02, 537.091, 101.549, 5.49044, 120, 0, 0, 1042, 0, 0, 0);
INSERT INTO `creature` (`guid`, `id`, `map`, `modelid`, `equipment_id`, `position_x`, `position_y`, `position_z`, `orientation`, `spawntimesecs`, `spawndist`, `currentwaypoint`, `curhealth`, `curmana`, `DeathState`, `MovementType`) VALUES (190522, 15102, 0, 0, 0, -8570.55, 536.096, 101.568, 5.53562, 120, 0, 0, 1042, 0, 0, 2);
INSERT INTO `creature` (`guid`, `id`, `map`, `modelid`, `equipment_id`, `position_x`, `position_y`, `position_z`, `orientation`, `spawntimesecs`, `spawndist`, `currentwaypoint`, `curhealth`, `curmana`, `DeathState`, `MovementType`) VALUES (190515, 15102, 0, 0, 0, -5001.03, -1179.84, 501.66, 5.94313, 120, 0, 0, 1042, 0, 0, 0);
INSERT INTO `creature` (`guid`, `id`, `map`, `modelid`, `equipment_id`, `position_x`, `position_y`, `position_z`, `orientation`, `spawntimesecs`, `spawndist`, `currentwaypoint`, `curhealth`, `curmana`, `DeathState`, `MovementType`) VALUES (190514, 15102, 0, 0, 0, -5007.03, -1177.84, 501.66, 5.94314, 120, 0, 0, 1042, 0, 0, 2);
INSERT INTO `creature` (`guid`, `id`, `map`, `modelid`, `equipment_id`, `position_x`, `position_y`, `position_z`, `orientation`, `spawntimesecs`, `spawndist`, `currentwaypoint`, `curhealth`, `curmana`, `DeathState`, `MovementType`) VALUES (190499, 15102, 1, 0, 0, 9951.12, 2089.54, 1327.72, 4.78566, 120, 0, 0, 1042, 0, 0, 0);
INSERT INTO `creature` (`guid`, `id`, `map`, `modelid`, `equipment_id`, `position_x`, `position_y`, `position_z`, `orientation`, `spawntimesecs`, `spawndist`, `currentwaypoint`, `curhealth`, `curmana`, `DeathState`, `MovementType`) VALUES (190498, 15102, 1, 0, 0, 9952.47, 2089.45, 1327.72, 4.78552, 120, 0, 0, 1042, 0, 0, 2);
INSERT INTO `creature` (`guid`, `id`, `map`, `modelid`, `equipment_id`, `position_x`, `position_y`, `position_z`, `orientation`, `spawntimesecs`, `spawndist`, `currentwaypoint`, `curhealth`, `curmana`, `DeathState`, `MovementType`) VALUES (190002, 15102, 0, 0, 0, -8840.63, 652.959, 97.1951, 5.60251, 300, 0, 0, 1042, 0, 0, 0);
INSERT INTO `creature` (`guid`, `id`, `map`, `modelid`, `equipment_id`, `position_x`, `position_y`, `position_z`, `orientation`, `spawntimesecs`, `spawndist`, `currentwaypoint`, `curhealth`, `curmana`, `DeathState`, `MovementType`) VALUES (190003, 15102, 0, 0, 0, -8838.8, 651.394, 96.8924, 2.42601, 300, 0, 0, 1042, 0, 0, 0);
INSERT INTO `creature` (`guid`, `id`, `map`, `modelid`, `equipment_id`, `position_x`, `position_y`, `position_z`, `orientation`, `spawntimesecs`, `spawndist`, `currentwaypoint`, `curhealth`, `curmana`, `DeathState`, `MovementType`) VALUES (190010, 15102, 0, 0, 0, -8876.83, 542.382, 106.366, 0.558505, 300, 0, 0, 1042, 0, 0, 0);
INSERT INTO `creature` (`guid`, `id`, `map`, `modelid`, `equipment_id`, `position_x`, `position_y`, `position_z`, `orientation`, `spawntimesecs`, `spawndist`, `currentwaypoint`, `curhealth`, `curmana`, `DeathState`, `MovementType`) VALUES (190011, 15102, 0, 0, 0, -8873.52, 544.724, 106.367, 3.82227, 300, 0, 0, 1042, 0, 0, 0);
INSERT INTO `creature` (`guid`, `id`, `map`, `modelid`, `equipment_id`, `position_x`, `position_y`, `position_z`, `orientation`, `spawntimesecs`, `spawndist`, `currentwaypoint`, `curhealth`, `curmana`, `DeathState`, `MovementType`) VALUES (190018, 15102, 0, 0, 0, -8850.69, 589.49, 93.7805, 4.06662, 300, 0, 0, 1042, 0, 0, 0);
INSERT INTO `creature` (`guid`, `id`, `map`, `modelid`, `equipment_id`, `position_x`, `position_y`, `position_z`, `orientation`, `spawntimesecs`, `spawndist`, `currentwaypoint`, `curhealth`, `curmana`, `DeathState`, `MovementType`) VALUES (190019, 15102, 0, 0, 0, -8853.08, 587.01, 94.0289, 0.680678, 300, 0, 0, 1042, 0, 0, 0);
INSERT INTO `creature` (`guid`, `id`, `map`, `modelid`, `equipment_id`, `position_x`, `position_y`, `position_z`, `orientation`, `spawntimesecs`, `spawndist`, `currentwaypoint`, `curhealth`, `curmana`, `DeathState`, `MovementType`) VALUES (190026, 15102, 0, 0, 0, -4916.43, -848.374, 501.745, 4.72984, 300, 0, 0, 1042, 0, 0, 0);
INSERT INTO `creature` (`guid`, `id`, `map`, `modelid`, `equipment_id`, `position_x`, `position_y`, `position_z`, `orientation`, `spawntimesecs`, `spawndist`, `currentwaypoint`, `curhealth`, `curmana`, `DeathState`, `MovementType`) VALUES (190027, 15102, 0, 0, 0, -4916.61, -852.305, 501.745, 1.48353, 300, 0, 0, 1042, 0, 0, 0);
INSERT INTO `creature` (`guid`, `id`, `map`, `modelid`, `equipment_id`, `position_x`, `position_y`, `position_z`, `orientation`, `spawntimesecs`, `spawndist`, `currentwaypoint`, `curhealth`, `curmana`, `DeathState`, `MovementType`) VALUES (190034, 15102, 0, 0, 0, -5033.75, -931.287, 501.743, 1.32645, 300, 0, 0, 1042, 0, 0, 0);
INSERT INTO `creature` (`guid`, `id`, `map`, `modelid`, `equipment_id`, `position_x`, `position_y`, `position_z`, `orientation`, `spawntimesecs`, `spawndist`, `currentwaypoint`, `curhealth`, `curmana`, `DeathState`, `MovementType`) VALUES (190035, 15102, 0, 0, 0, -5032.97, -926.68, 501.743, 4.64258, 300, 0, 0, 1042, 0, 0, 0);
INSERT INTO `creature` (`guid`, `id`, `map`, `modelid`, `equipment_id`, `position_x`, `position_y`, `position_z`, `orientation`, `spawntimesecs`, `spawndist`, `currentwaypoint`, `curhealth`, `curmana`, `DeathState`, `MovementType`) VALUES (190122, 15102, 1, 0, 0, 9983.62, 2350.23, 1330.87, 4.92183, 300, 0, 0, 1042, 0, 0, 0);
INSERT INTO `creature` (`guid`, `id`, `map`, `modelid`, `equipment_id`, `position_x`, `position_y`, `position_z`, `orientation`, `spawntimesecs`, `spawndist`, `currentwaypoint`, `curhealth`, `curmana`, `DeathState`, `MovementType`) VALUES (190123, 15102, 1, 0, 0, 9984.56, 2345.23, 1330.87, 1.74533, 300, 0, 0, 1042, 0, 0, 0);
INSERT INTO `creature` (`guid`, `id`, `map`, `modelid`, `equipment_id`, `position_x`, `position_y`, `position_z`, `orientation`, `spawntimesecs`, `spawndist`, `currentwaypoint`, `curhealth`, `curmana`, `DeathState`, `MovementType`) VALUES (190146, 15102, 0, 0, 0, -4680.7, -985.645, 501.642, 3.08923, 300, 0, 0, 1042, 0, 0, 0);
INSERT INTO `creature` (`guid`, `id`, `map`, `modelid`, `equipment_id`, `position_x`, `position_y`, `position_z`, `orientation`, `spawntimesecs`, `spawndist`, `currentwaypoint`, `curhealth`, `curmana`, `DeathState`, `MovementType`) VALUES (190147, 15102, 0, 0, 0, -4683.46, -985.091, 501.627, 6.03884, 300, 0, 0, 1042, 0, 0, 0);
INSERT INTO `creature` (`guid`, `id`, `map`, `modelid`, `equipment_id`, `position_x`, `position_y`, `position_z`, `orientation`, `spawntimesecs`, `spawndist`, `currentwaypoint`, `curhealth`, `curmana`, `DeathState`, `MovementType`) VALUES (190154, 15102, 0, 0, 0, -8389.1, 288.407, 120.969, 5.53269, 300, 0, 0, 1042, 0, 0, 0);
INSERT INTO `creature` (`guid`, `id`, `map`, `modelid`, `equipment_id`, `position_x`, `position_y`, `position_z`, `orientation`, `spawntimesecs`, `spawndist`, `currentwaypoint`, `curhealth`, `curmana`, `DeathState`, `MovementType`) VALUES (190155, 15102, 0, 0, 0, -8387.24, 286.125, 120.969, 2.30383, 300, 0, 0, 1042, 0, 0, 0);
INSERT INTO `creature` (`guid`, `id`, `map`, `modelid`, `equipment_id`, `position_x`, `position_y`, `position_z`, `orientation`, `spawntimesecs`, `spawndist`, `currentwaypoint`, `curhealth`, `curmana`, `DeathState`, `MovementType`) VALUES (190162, 15102, 1, 0, 0, 9962.13, 2487.17, 1316.12, 3.9968, 300, 0, 0, 1042, 0, 0, 0);
INSERT INTO `creature` (`guid`, `id`, `map`, `modelid`, `equipment_id`, `position_x`, `position_y`, `position_z`, `orientation`, `spawntimesecs`, `spawndist`, `currentwaypoint`, `curhealth`, `curmana`, `DeathState`, `MovementType`) VALUES (190163, 15102, 1, 0, 0, 9959.42, 2484.32, 1316.13, 0.750492, 300, 0, 0, 1042, 0, 0, 0);
INSERT INTO `creature` (`guid`, `id`, `map`, `modelid`, `equipment_id`, `position_x`, `position_y`, `position_z`, `orientation`, `spawntimesecs`, `spawndist`, `currentwaypoint`, `curhealth`, `curmana`, `DeathState`, `MovementType`) VALUES (190170, 15102, 0, 0, 0, -5033.87, -1266.07, 505.383, 2.07694, 300, 0, 0, 1042, 0, 0, 0);
INSERT INTO `creature` (`guid`, `id`, `map`, `modelid`, `equipment_id`, `position_x`, `position_y`, `position_z`, `orientation`, `spawntimesecs`, `spawndist`, `currentwaypoint`, `curhealth`, `curmana`, `DeathState`, `MovementType`) VALUES (190171, 15102, 0, 0, 0, -5037.07, -1261.52, 505.383, 5.42797, 300, 0, 0, 1042, 0, 0, 0);
INSERT INTO `creature` (`guid`, `id`, `map`, `modelid`, `equipment_id`, `position_x`, `position_y`, `position_z`, `orientation`, `spawntimesecs`, `spawndist`, `currentwaypoint`, `curhealth`, `curmana`, `DeathState`, `MovementType`) VALUES (190178, 15102, 0, 0, 0, -8411.89, 575.031, 92.3179, 0.855211, 300, 0, 0, 1042, 0, 0, 0);
INSERT INTO `creature` (`guid`, `id`, `map`, `modelid`, `equipment_id`, `position_x`, `position_y`, `position_z`, `orientation`, `spawntimesecs`, `spawndist`, `currentwaypoint`, `curhealth`, `curmana`, `DeathState`, `MovementType`) VALUES (190179, 15102, 0, 0, 0, -8409.07, 578.255, 92.0611, 3.9968, 300, 0, 0, 1042, 0, 0, 0);
INSERT INTO `creature` (`guid`, `id`, `map`, `modelid`, `equipment_id`, `position_x`, `position_y`, `position_z`, `orientation`, `spawntimesecs`, `spawndist`, `currentwaypoint`, `curhealth`, `curmana`, `DeathState`, `MovementType`) VALUES (190114, 15102, 1, 0, 0, 9961.1, 2179.29, 1327.8, 5.13127, 300, 0, 0, 1042, 0, 0, 0);
INSERT INTO `creature` (`guid`, `id`, `map`, `modelid`, `equipment_id`, `position_x`, `position_y`, `position_z`, `orientation`, `spawntimesecs`, `spawndist`, `currentwaypoint`, `curhealth`, `curmana`, `DeathState`, `MovementType`) VALUES (190115, 15102, 1, 0, 0, 9962.88, 2175.22, 1327.8, 1.97222, 300, 0, 0, 1042, 0, 0, 0);
INSERT INTO `creature` (`guid`, `id`, `map`, `modelid`, `equipment_id`, `position_x`, `position_y`, `position_z`, `orientation`, `spawntimesecs`, `spawndist`, `currentwaypoint`, `curhealth`, `curmana`, `DeathState`, `MovementType`) VALUES (190130, 15102, 1, 0, 0, 9727.12, 2542.52, 1335.24, 2.42601, 300, 0, 0, 1042, 0, 0, 0);
INSERT INTO `creature` (`guid`, `id`, `map`, `modelid`, `equipment_id`, `position_x`, `position_y`, `position_z`, `orientation`, `spawntimesecs`, `spawndist`, `currentwaypoint`, `curhealth`, `curmana`, `DeathState`, `MovementType`) VALUES (190131, 15102, 1, 0, 0, 9724.21, 2545, 1335.76, 5.58505, 300, 0, 0, 1042, 0, 0, 0);
INSERT INTO `creature` (`guid`, `id`, `map`, `modelid`, `equipment_id`, `position_x`, `position_y`, `position_z`, `orientation`, `spawntimesecs`, `spawndist`, `currentwaypoint`, `curhealth`, `curmana`, `DeathState`, `MovementType`) VALUES (190138, 15102, 0, 0, 0, -4836.85, -1171.63, 502.277, 2.44346, 300, 0, 0, 1042, 0, 0, 0);
INSERT INTO `creature` (`guid`, `id`, `map`, `modelid`, `equipment_id`, `position_x`, `position_y`, `position_z`, `orientation`, `spawntimesecs`, `spawndist`, `currentwaypoint`, `curhealth`, `curmana`, `DeathState`, `MovementType`) VALUES (190139, 15102, 0, 0, 0, -4839.37, -1169.09, 502.279, 5.37561, 300, 0, 0, 1042, 0, 0, 0);
-- Add new Silverwing Sentinel spawns to event Call to Arms: Warsong Gulch.
INSERT INTO `game_event_creature` (`guid`, `event`) VALUES (190115, 19);
INSERT INTO `game_event_creature` (`guid`, `event`) VALUES (190130, 19);
INSERT INTO `game_event_creature` (`guid`, `event`) VALUES (190131, 19);
INSERT INTO `game_event_creature` (`guid`, `event`) VALUES (190138, 19);
INSERT INTO `game_event_creature` (`guid`, `event`) VALUES (190139, 19);
INSERT INTO `game_event_creature` (`guid`, `event`) VALUES (190114, 19);
INSERT INTO `game_event_creature` (`guid`, `event`) VALUES (190179, 19);
INSERT INTO `game_event_creature` (`guid`, `event`) VALUES (190178, 19);
INSERT INTO `game_event_creature` (`guid`, `event`) VALUES (190171, 19);
INSERT INTO `game_event_creature` (`guid`, `event`) VALUES (190170, 19);
INSERT INTO `game_event_creature` (`guid`, `event`) VALUES (190163, 19);
INSERT INTO `game_event_creature` (`guid`, `event`) VALUES (190162, 19);
INSERT INTO `game_event_creature` (`guid`, `event`) VALUES (190154, 19);
INSERT INTO `game_event_creature` (`guid`, `event`) VALUES (190155, 19);
INSERT INTO `game_event_creature` (`guid`, `event`) VALUES (190147, 19);
INSERT INTO `game_event_creature` (`guid`, `event`) VALUES (190123, 19);
INSERT INTO `game_event_creature` (`guid`, `event`) VALUES (190146, 19);
INSERT INTO `game_event_creature` (`guid`, `event`) VALUES (190122, 19);
INSERT INTO `game_event_creature` (`guid`, `event`) VALUES (190034, 19);
INSERT INTO `game_event_creature` (`guid`, `event`) VALUES (190035, 19);
INSERT INTO `game_event_creature` (`guid`, `event`) VALUES (190027, 19);
INSERT INTO `game_event_creature` (`guid`, `event`) VALUES (190019, 19);
INSERT INTO `game_event_creature` (`guid`, `event`) VALUES (190026, 19);
INSERT INTO `game_event_creature` (`guid`, `event`) VALUES (190018, 19);
INSERT INTO `game_event_creature` (`guid`, `event`) VALUES (190010, 19);
INSERT INTO `game_event_creature` (`guid`, `event`) VALUES (190011, 19);
INSERT INTO `game_event_creature` (`guid`, `event`) VALUES (190003, 19);
INSERT INTO `game_event_creature` (`guid`, `event`) VALUES (190002, 19);
INSERT INTO `game_event_creature` (`guid`, `event`) VALUES (190499, 19);
INSERT INTO `game_event_creature` (`guid`, `event`) VALUES (190498, 19);
INSERT INTO `game_event_creature` (`guid`, `event`) VALUES (190514, 19);
INSERT INTO `game_event_creature` (`guid`, `event`) VALUES (190515, 19);
INSERT INTO `game_event_creature` (`guid`, `event`) VALUES (190522, 19);
INSERT INTO `game_event_creature` (`guid`, `event`) VALUES (190523, 19);

-- Add missing waypoints for Silverwing Sentinel.
INSERT INTO `creature_movement` (`id`, `point`, `position_x`, `position_y`, `position_z`, `waittime`, `script_id`, `textid1`, `textid2`, `textid3`, `textid4`, `textid5`, `emote`, `spell`, `orientation`, `model1`, `model2`) VALUES (190522, 1, -8570.55, 536.096, 101.568, 0, 0, 0, 0, 0, 0, 0, 0, 0, 100, 0, 0);
INSERT INTO `creature_movement` (`id`, `point`, `position_x`, `position_y`, `position_z`, `waittime`, `script_id`, `textid1`, `textid2`, `textid3`, `textid4`, `textid5`, `emote`, `spell`, `orientation`, `model1`, `model2`) VALUES (190522, 2, -8562.13, 527.552, 100.848, 0, 0, 0, 0, 0, 0, 0, 0, 0, 100, 0, 0);
INSERT INTO `creature_movement` (`id`, `point`, `position_x`, `position_y`, `position_z`, `waittime`, `script_id`, `textid1`, `textid2`, `textid3`, `textid4`, `textid5`, `emote`, `spell`, `orientation`, `model1`, `model2`) VALUES (190522, 3, -8545.02, 501.789, 98.5899, 0, 0, 0, 0, 0, 0, 0, 0, 0, 100, 0, 0);
INSERT INTO `creature_movement` (`id`, `point`, `position_x`, `position_y`, `position_z`, `waittime`, `script_id`, `textid1`, `textid2`, `textid3`, `textid4`, `textid5`, `emote`, `spell`, `orientation`, `model1`, `model2`) VALUES (190522, 4, -8518.93, 522.048, 98.3434, 0, 0, 0, 0, 0, 0, 0, 0, 0, 100, 0, 0);
INSERT INTO `creature_movement` (`id`, `point`, `position_x`, `position_y`, `position_z`, `waittime`, `script_id`, `textid1`, `textid2`, `textid3`, `textid4`, `textid5`, `emote`, `spell`, `orientation`, `model1`, `model2`) VALUES (190522, 5, -8491.88, 555.915, 97.5228, 0, 0, 0, 0, 0, 0, 0, 0, 0, 100, 0, 0);
INSERT INTO `creature_movement` (`id`, `point`, `position_x`, `position_y`, `position_z`, `waittime`, `script_id`, `textid1`, `textid2`, `textid3`, `textid4`, `textid5`, `emote`, `spell`, `orientation`, `model1`, `model2`) VALUES (190522, 6, -8471.63, 569.622, 96.3419, 0, 0, 0, 0, 0, 0, 0, 0, 0, 100, 0, 0);
INSERT INTO `creature_movement` (`id`, `point`, `position_x`, `position_y`, `position_z`, `waittime`, `script_id`, `textid1`, `textid2`, `textid3`, `textid4`, `textid5`, `emote`, `spell`, `orientation`, `model1`, `model2`) VALUES (190522, 7, -8446.56, 585.956, 94.0389, 0, 0, 0, 0, 0, 0, 0, 0, 0, 100, 0, 0);
INSERT INTO `creature_movement` (`id`, `point`, `position_x`, `position_y`, `position_z`, `waittime`, `script_id`, `textid1`, `textid2`, `textid3`, `textid4`, `textid5`, `emote`, `spell`, `orientation`, `model1`, `model2`) VALUES (190522, 8, -8429.33, 569.955, 93.9131, 0, 0, 0, 0, 0, 0, 0, 0, 0, 100, 0, 0);
INSERT INTO `creature_movement` (`id`, `point`, `position_x`, `position_y`, `position_z`, `waittime`, `script_id`, `textid1`, `textid2`, `textid3`, `textid4`, `textid5`, `emote`, `spell`, `orientation`, `model1`, `model2`) VALUES (190522, 9, -8410.32, 568.215, 92.0255, 0, 0, 0, 0, 0, 0, 0, 0, 0, 100, 0, 0);
INSERT INTO `creature_movement` (`id`, `point`, `position_x`, `position_y`, `position_z`, `waittime`, `script_id`, `textid1`, `textid2`, `textid3`, `textid4`, `textid5`, `emote`, `spell`, `orientation`, `model1`, `model2`) VALUES (190522, 10, -8394.13, 575.455, 91.2665, 0, 0, 0, 0, 0, 0, 0, 0, 0, 100, 0, 0);
INSERT INTO `creature_movement` (`id`, `point`, `position_x`, `position_y`, `position_z`, `waittime`, `script_id`, `textid1`, `textid2`, `textid3`, `textid4`, `textid5`, `emote`, `spell`, `orientation`, `model1`, `model2`) VALUES (190522, 11, -8382.3, 593.915, 92.7951, 0, 0, 0, 0, 0, 0, 0, 0, 0, 100, 0, 0);
INSERT INTO `creature_movement` (`id`, `point`, `position_x`, `position_y`, `position_z`, `waittime`, `script_id`, `textid1`, `textid2`, `textid3`, `textid4`, `textid5`, `emote`, `spell`, `orientation`, `model1`, `model2`) VALUES (190522, 12, -8390.55, 617.003, 95.0653, 0, 0, 0, 0, 0, 0, 0, 0, 0, 100, 0, 0);
INSERT INTO `creature_movement` (`id`, `point`, `position_x`, `position_y`, `position_z`, `waittime`, `script_id`, `textid1`, `textid2`, `textid3`, `textid4`, `textid5`, `emote`, `spell`, `orientation`, `model1`, `model2`) VALUES (190522, 13, -8372.64, 633.326, 94.5912, 0, 0, 0, 0, 0, 0, 0, 0, 0, 100, 0, 0);
INSERT INTO `creature_movement` (`id`, `point`, `position_x`, `position_y`, `position_z`, `waittime`, `script_id`, `textid1`, `textid2`, `textid3`, `textid4`, `textid5`, `emote`, `spell`, `orientation`, `model1`, `model2`) VALUES (190522, 14, -8352.06, 628.119, 95.1563, 0, 0, 0, 0, 0, 0, 0, 0, 0, 100, 0, 0);
INSERT INTO `creature_movement` (`id`, `point`, `position_x`, `position_y`, `position_z`, `waittime`, `script_id`, `textid1`, `textid2`, `textid3`, `textid4`, `textid5`, `emote`, `spell`, `orientation`, `model1`, `model2`) VALUES (190522, 15, -8372.64, 633.326, 94.5912, 0, 0, 0, 0, 0, 0, 0, 0, 0, 100, 0, 0);
INSERT INTO `creature_movement` (`id`, `point`, `position_x`, `position_y`, `position_z`, `waittime`, `script_id`, `textid1`, `textid2`, `textid3`, `textid4`, `textid5`, `emote`, `spell`, `orientation`, `model1`, `model2`) VALUES (190522, 16, -8390.55, 617.003, 95.0653, 0, 0, 0, 0, 0, 0, 0, 0, 0, 100, 0, 0);
INSERT INTO `creature_movement` (`id`, `point`, `position_x`, `position_y`, `position_z`, `waittime`, `script_id`, `textid1`, `textid2`, `textid3`, `textid4`, `textid5`, `emote`, `spell`, `orientation`, `model1`, `model2`) VALUES (190522, 17, -8382.3, 593.915, 92.7951, 0, 0, 0, 0, 0, 0, 0, 0, 0, 100, 0, 0);
INSERT INTO `creature_movement` (`id`, `point`, `position_x`, `position_y`, `position_z`, `waittime`, `script_id`, `textid1`, `textid2`, `textid3`, `textid4`, `textid5`, `emote`, `spell`, `orientation`, `model1`, `model2`) VALUES (190522, 18, -8394.13, 575.455, 91.2665, 0, 0, 0, 0, 0, 0, 0, 0, 0, 100, 0, 0);
INSERT INTO `creature_movement` (`id`, `point`, `position_x`, `position_y`, `position_z`, `waittime`, `script_id`, `textid1`, `textid2`, `textid3`, `textid4`, `textid5`, `emote`, `spell`, `orientation`, `model1`, `model2`) VALUES (190522, 19, -8410.32, 568.215, 92.0255, 0, 0, 0, 0, 0, 0, 0, 0, 0, 100, 0, 0);
INSERT INTO `creature_movement` (`id`, `point`, `position_x`, `position_y`, `position_z`, `waittime`, `script_id`, `textid1`, `textid2`, `textid3`, `textid4`, `textid5`, `emote`, `spell`, `orientation`, `model1`, `model2`) VALUES (190522, 20, -8429.33, 569.955, 93.9131, 0, 0, 0, 0, 0, 0, 0, 0, 0, 100, 0, 0);
INSERT INTO `creature_movement` (`id`, `point`, `position_x`, `position_y`, `position_z`, `waittime`, `script_id`, `textid1`, `textid2`, `textid3`, `textid4`, `textid5`, `emote`, `spell`, `orientation`, `model1`, `model2`) VALUES (190522, 21, -8446.56, 585.956, 94.0389, 0, 0, 0, 0, 0, 0, 0, 0, 0, 100, 0, 0);
INSERT INTO `creature_movement` (`id`, `point`, `position_x`, `position_y`, `position_z`, `waittime`, `script_id`, `textid1`, `textid2`, `textid3`, `textid4`, `textid5`, `emote`, `spell`, `orientation`, `model1`, `model2`) VALUES (190522, 22, -8471.63, 569.622, 96.3419, 0, 0, 0, 0, 0, 0, 0, 0, 0, 100, 0, 0);
INSERT INTO `creature_movement` (`id`, `point`, `position_x`, `position_y`, `position_z`, `waittime`, `script_id`, `textid1`, `textid2`, `textid3`, `textid4`, `textid5`, `emote`, `spell`, `orientation`, `model1`, `model2`) VALUES (190522, 23, -8491.88, 555.915, 97.5228, 0, 0, 0, 0, 0, 0, 0, 0, 0, 100, 0, 0);
INSERT INTO `creature_movement` (`id`, `point`, `position_x`, `position_y`, `position_z`, `waittime`, `script_id`, `textid1`, `textid2`, `textid3`, `textid4`, `textid5`, `emote`, `spell`, `orientation`, `model1`, `model2`) VALUES (190522, 24, -8510.11, 529.336, 98.1213, 0, 0, 0, 0, 0, 0, 0, 0, 0, 100, 0, 0);
INSERT INTO `creature_movement` (`id`, `point`, `position_x`, `position_y`, `position_z`, `waittime`, `script_id`, `textid1`, `textid2`, `textid3`, `textid4`, `textid5`, `emote`, `spell`, `orientation`, `model1`, `model2`) VALUES (190522, 25, -8544.46, 500.948, 98.6426, 0, 0, 0, 0, 0, 0, 0, 0, 0, 100, 0, 0);
INSERT INTO `creature_movement` (`id`, `point`, `position_x`, `position_y`, `position_z`, `waittime`, `script_id`, `textid1`, `textid2`, `textid3`, `textid4`, `textid5`, `emote`, `spell`, `orientation`, `model1`, `model2`) VALUES (190522, 26, -8562.68, 528.108, 100.913, 0, 0, 0, 0, 0, 0, 0, 0, 0, 100, 0, 0);
INSERT INTO `creature_movement` (`id`, `point`, `position_x`, `position_y`, `position_z`, `waittime`, `script_id`, `textid1`, `textid2`, `textid3`, `textid4`, `textid5`, `emote`, `spell`, `orientation`, `model1`, `model2`) VALUES (190522, 27, -8577.11, 542.753, 101.777, 0, 0, 0, 0, 0, 0, 0, 0, 0, 100, 0, 0);
INSERT INTO `creature_movement` (`id`, `point`, `position_x`, `position_y`, `position_z`, `waittime`, `script_id`, `textid1`, `textid2`, `textid3`, `textid4`, `textid5`, `emote`, `spell`, `orientation`, `model1`, `model2`) VALUES (190522, 28, -8597.78, 526.589, 106.411, 0, 0, 0, 0, 0, 0, 0, 0, 0, 100, 0, 0);
INSERT INTO `creature_movement` (`id`, `point`, `position_x`, `position_y`, `position_z`, `waittime`, `script_id`, `textid1`, `textid2`, `textid3`, `textid4`, `textid5`, `emote`, `spell`, `orientation`, `model1`, `model2`) VALUES (190522, 29, -8611.79, 514.084, 103.461, 0, 0, 0, 0, 0, 0, 0, 0, 0, 100, 0, 0);
INSERT INTO `creature_movement` (`id`, `point`, `position_x`, `position_y`, `position_z`, `waittime`, `script_id`, `textid1`, `textid2`, `textid3`, `textid4`, `textid5`, `emote`, `spell`, `orientation`, `model1`, `model2`) VALUES (190522, 30, -8634.36, 537.268, 99.9459, 0, 0, 0, 0, 0, 0, 0, 0, 0, 100, 0, 0);
INSERT INTO `creature_movement` (`id`, `point`, `position_x`, `position_y`, `position_z`, `waittime`, `script_id`, `textid1`, `textid2`, `textid3`, `textid4`, `textid5`, `emote`, `spell`, `orientation`, `model1`, `model2`) VALUES (190522, 31, -8657.58, 553.584, 96.9367, 0, 0, 0, 0, 0, 0, 0, 0, 0, 100, 0, 0);
INSERT INTO `creature_movement` (`id`, `point`, `position_x`, `position_y`, `position_z`, `waittime`, `script_id`, `textid1`, `textid2`, `textid3`, `textid4`, `textid5`, `emote`, `spell`, `orientation`, `model1`, `model2`) VALUES (190522, 32, -8678.6, 549.382, 97.4357, 0, 0, 0, 0, 0, 0, 0, 0, 0, 100, 0, 0);
INSERT INTO `creature_movement` (`id`, `point`, `position_x`, `position_y`, `position_z`, `waittime`, `script_id`, `textid1`, `textid2`, `textid3`, `textid4`, `textid5`, `emote`, `spell`, `orientation`, `model1`, `model2`) VALUES (190522, 33, -8697.52, 533.308, 97.6909, 0, 0, 0, 0, 0, 0, 0, 0, 0, 100, 0, 0);
INSERT INTO `creature_movement` (`id`, `point`, `position_x`, `position_y`, `position_z`, `waittime`, `script_id`, `textid1`, `textid2`, `textid3`, `textid4`, `textid5`, `emote`, `spell`, `orientation`, `model1`, `model2`) VALUES (190522, 34, -8713.68, 518.891, 97.1231, 0, 0, 0, 0, 0, 0, 0, 0, 0, 100, 0, 0);
INSERT INTO `creature_movement` (`id`, `point`, `position_x`, `position_y`, `position_z`, `waittime`, `script_id`, `textid1`, `textid2`, `textid3`, `textid4`, `textid5`, `emote`, `spell`, `orientation`, `model1`, `model2`) VALUES (190522, 35, -8730.44, 539.56, 101.059, 0, 0, 0, 0, 0, 0, 0, 0, 0, 100, 0, 0);
INSERT INTO `creature_movement` (`id`, `point`, `position_x`, `position_y`, `position_z`, `waittime`, `script_id`, `textid1`, `textid2`, `textid3`, `textid4`, `textid5`, `emote`, `spell`, `orientation`, `model1`, `model2`) VALUES (190522, 36, -8748.36, 560.304, 97.4026, 0, 0, 0, 0, 0, 0, 0, 0, 0, 100, 0, 0);
INSERT INTO `creature_movement` (`id`, `point`, `position_x`, `position_y`, `position_z`, `waittime`, `script_id`, `textid1`, `textid2`, `textid3`, `textid4`, `textid5`, `emote`, `spell`, `orientation`, `model1`, `model2`) VALUES (190522, 37, -8735.85, 575.619, 97.4327, 0, 0, 0, 0, 0, 0, 0, 0, 0, 100, 0, 0);
INSERT INTO `creature_movement` (`id`, `point`, `position_x`, `position_y`, `position_z`, `waittime`, `script_id`, `textid1`, `textid2`, `textid3`, `textid4`, `textid5`, `emote`, `spell`, `orientation`, `model1`, `model2`) VALUES (190522, 38, -8770.72, 608.689, 97.1009, 0, 0, 0, 0, 0, 0, 0, 0, 0, 100, 0, 0);
INSERT INTO `creature_movement` (`id`, `point`, `position_x`, `position_y`, `position_z`, `waittime`, `script_id`, `textid1`, `textid2`, `textid3`, `textid4`, `textid5`, `emote`, `spell`, `orientation`, `model1`, `model2`) VALUES (190522, 39, -8799.59, 588.334, 97.2445, 0, 0, 0, 0, 0, 0, 0, 0, 0, 100, 0, 0);
INSERT INTO `creature_movement` (`id`, `point`, `position_x`, `position_y`, `position_z`, `waittime`, `script_id`, `textid1`, `textid2`, `textid3`, `textid4`, `textid5`, `emote`, `spell`, `orientation`, `model1`, `model2`) VALUES (190522, 40, -8819.46, 617.93, 94.6946, 0, 0, 0, 0, 0, 0, 0, 0, 0, 100, 0, 0);
INSERT INTO `creature_movement` (`id`, `point`, `position_x`, `position_y`, `position_z`, `waittime`, `script_id`, `textid1`, `textid2`, `textid3`, `textid4`, `textid5`, `emote`, `spell`, `orientation`, `model1`, `model2`) VALUES (190522, 41, -8840.7, 642.219, 95.5346, 0, 0, 0, 0, 0, 0, 0, 0, 0, 100, 0, 0);
INSERT INTO `creature_movement` (`id`, `point`, `position_x`, `position_y`, `position_z`, `waittime`, `script_id`, `textid1`, `textid2`, `textid3`, `textid4`, `textid5`, `emote`, `spell`, `orientation`, `model1`, `model2`) VALUES (190522, 42, -8851.28, 660.075, 97.0017, 0, 0, 0, 0, 0, 0, 0, 0, 0, 100, 0, 0);
INSERT INTO `creature_movement` (`id`, `point`, `position_x`, `position_y`, `position_z`, `waittime`, `script_id`, `textid1`, `textid2`, `textid3`, `textid4`, `textid5`, `emote`, `spell`, `orientation`, `model1`, `model2`) VALUES (190522, 43, -8824.99, 677.832, 97.6574, 0, 0, 0, 0, 0, 0, 0, 0, 0, 100, 0, 0);
INSERT INTO `creature_movement` (`id`, `point`, `position_x`, `position_y`, `position_z`, `waittime`, `script_id`, `textid1`, `textid2`, `textid3`, `textid4`, `textid5`, `emote`, `spell`, `orientation`, `model1`, `model2`) VALUES (190522, 44, -8845.73, 720.753, 97.3148, 0, 0, 0, 0, 0, 0, 0, 0, 0, 100, 0, 0);
INSERT INTO `creature_movement` (`id`, `point`, `position_x`, `position_y`, `position_z`, `waittime`, `script_id`, `textid1`, `textid2`, `textid3`, `textid4`, `textid5`, `emote`, `spell`, `orientation`, `model1`, `model2`) VALUES (190522, 45, -8870.14, 760.393, 96.7109, 0, 0, 0, 0, 0, 0, 0, 0, 0, 100, 0, 0);
INSERT INTO `creature_movement` (`id`, `point`, `position_x`, `position_y`, `position_z`, `waittime`, `script_id`, `textid1`, `textid2`, `textid3`, `textid4`, `textid5`, `emote`, `spell`, `orientation`, `model1`, `model2`) VALUES (190522, 46, -8880.87, 754.513, 96.3478, 0, 0, 0, 0, 0, 0, 0, 0, 0, 100, 0, 0);
INSERT INTO `creature_movement` (`id`, `point`, `position_x`, `position_y`, `position_z`, `waittime`, `script_id`, `textid1`, `textid2`, `textid3`, `textid4`, `textid5`, `emote`, `spell`, `orientation`, `model1`, `model2`) VALUES (190522, 47, -8909.56, 791.193, 87.4289, 0, 0, 0, 0, 0, 0, 0, 0, 0, 100, 0, 0);
INSERT INTO `creature_movement` (`id`, `point`, `position_x`, `position_y`, `position_z`, `waittime`, `script_id`, `textid1`, `textid2`, `textid3`, `textid4`, `textid5`, `emote`, `spell`, `orientation`, `model1`, `model2`) VALUES (190522, 48, -8899.24, 803.05, 87.6653, 0, 0, 0, 0, 0, 0, 0, 0, 0, 100, 0, 0);
INSERT INTO `creature_movement` (`id`, `point`, `position_x`, `position_y`, `position_z`, `waittime`, `script_id`, `textid1`, `textid2`, `textid3`, `textid4`, `textid5`, `emote`, `spell`, `orientation`, `model1`, `model2`) VALUES (190522, 49, -8898.7, 825.012, 92.1318, 0, 0, 0, 0, 0, 0, 0, 0, 0, 100, 0, 0);
INSERT INTO `creature_movement` (`id`, `point`, `position_x`, `position_y`, `position_z`, `waittime`, `script_id`, `textid1`, `textid2`, `textid3`, `textid4`, `textid5`, `emote`, `spell`, `orientation`, `model1`, `model2`) VALUES (190522, 50, -8907.05, 846.462, 96.0285, 0, 0, 0, 0, 0, 0, 0, 0, 0, 100, 0, 0);
INSERT INTO `creature_movement` (`id`, `point`, `position_x`, `position_y`, `position_z`, `waittime`, `script_id`, `textid1`, `textid2`, `textid3`, `textid4`, `textid5`, `emote`, `spell`, `orientation`, `model1`, `model2`) VALUES (190522, 51, -8894.59, 866.98, 97.405, 0, 0, 0, 0, 0, 0, 0, 0, 0, 100, 0, 0);
INSERT INTO `creature_movement` (`id`, `point`, `position_x`, `position_y`, `position_z`, `waittime`, `script_id`, `textid1`, `textid2`, `textid3`, `textid4`, `textid5`, `emote`, `spell`, `orientation`, `model1`, `model2`) VALUES (190522, 52, -8887.74, 890.776, 103.431, 0, 0, 0, 0, 0, 0, 0, 0, 0, 100, 0, 0);
INSERT INTO `creature_movement` (`id`, `point`, `position_x`, `position_y`, `position_z`, `waittime`, `script_id`, `textid1`, `textid2`, `textid3`, `textid4`, `textid5`, `emote`, `spell`, `orientation`, `model1`, `model2`) VALUES (190522, 53, -8894.48, 911.813, 110.763, 0, 0, 0, 0, 0, 0, 0, 0, 0, 100, 0, 0);
INSERT INTO `creature_movement` (`id`, `point`, `position_x`, `position_y`, `position_z`, `waittime`, `script_id`, `textid1`, `textid2`, `textid3`, `textid4`, `textid5`, `emote`, `spell`, `orientation`, `model1`, `model2`) VALUES (190522, 54, -8854.07, 933.522, 102.07, 0, 0, 0, 0, 0, 0, 0, 0, 0, 100, 0, 0);
INSERT INTO `creature_movement` (`id`, `point`, `position_x`, `position_y`, `position_z`, `waittime`, `script_id`, `textid1`, `textid2`, `textid3`, `textid4`, `textid5`, `emote`, `spell`, `orientation`, `model1`, `model2`) VALUES (190522, 55, -8894.48, 911.813, 110.763, 0, 0, 0, 0, 0, 0, 0, 0, 0, 100, 0, 0);
INSERT INTO `creature_movement` (`id`, `point`, `position_x`, `position_y`, `position_z`, `waittime`, `script_id`, `textid1`, `textid2`, `textid3`, `textid4`, `textid5`, `emote`, `spell`, `orientation`, `model1`, `model2`) VALUES (190522, 56, -8887.74, 890.776, 103.431, 0, 0, 0, 0, 0, 0, 0, 0, 0, 100, 0, 0);
INSERT INTO `creature_movement` (`id`, `point`, `position_x`, `position_y`, `position_z`, `waittime`, `script_id`, `textid1`, `textid2`, `textid3`, `textid4`, `textid5`, `emote`, `spell`, `orientation`, `model1`, `model2`) VALUES (190522, 57, -8894.59, 866.98, 97.405, 0, 0, 0, 0, 0, 0, 0, 0, 0, 100, 0, 0);
INSERT INTO `creature_movement` (`id`, `point`, `position_x`, `position_y`, `position_z`, `waittime`, `script_id`, `textid1`, `textid2`, `textid3`, `textid4`, `textid5`, `emote`, `spell`, `orientation`, `model1`, `model2`) VALUES (190522, 58, -8907.05, 846.462, 96.0285, 0, 0, 0, 0, 0, 0, 0, 0, 0, 100, 0, 0);
INSERT INTO `creature_movement` (`id`, `point`, `position_x`, `position_y`, `position_z`, `waittime`, `script_id`, `textid1`, `textid2`, `textid3`, `textid4`, `textid5`, `emote`, `spell`, `orientation`, `model1`, `model2`) VALUES (190522, 59, -8898.7, 825.012, 92.1318, 0, 0, 0, 0, 0, 0, 0, 0, 0, 100, 0, 0);
INSERT INTO `creature_movement` (`id`, `point`, `position_x`, `position_y`, `position_z`, `waittime`, `script_id`, `textid1`, `textid2`, `textid3`, `textid4`, `textid5`, `emote`, `spell`, `orientation`, `model1`, `model2`) VALUES (190522, 60, -8899.16, 803.142, 87.7088, 0, 0, 0, 0, 0, 0, 0, 0, 0, 100, 0, 0);
INSERT INTO `creature_movement` (`id`, `point`, `position_x`, `position_y`, `position_z`, `waittime`, `script_id`, `textid1`, `textid2`, `textid3`, `textid4`, `textid5`, `emote`, `spell`, `orientation`, `model1`, `model2`) VALUES (190522, 61, -8909.56, 791.193, 87.4289, 0, 0, 0, 0, 0, 0, 0, 0, 0, 100, 0, 0);
INSERT INTO `creature_movement` (`id`, `point`, `position_x`, `position_y`, `position_z`, `waittime`, `script_id`, `textid1`, `textid2`, `textid3`, `textid4`, `textid5`, `emote`, `spell`, `orientation`, `model1`, `model2`) VALUES (190522, 62, -8880.87, 754.513, 96.3478, 0, 0, 0, 0, 0, 0, 0, 0, 0, 100, 0, 0);
INSERT INTO `creature_movement` (`id`, `point`, `position_x`, `position_y`, `position_z`, `waittime`, `script_id`, `textid1`, `textid2`, `textid3`, `textid4`, `textid5`, `emote`, `spell`, `orientation`, `model1`, `model2`) VALUES (190522, 63, -8870.14, 760.393, 96.7109, 0, 0, 0, 0, 0, 0, 0, 0, 0, 100, 0, 0);
INSERT INTO `creature_movement` (`id`, `point`, `position_x`, `position_y`, `position_z`, `waittime`, `script_id`, `textid1`, `textid2`, `textid3`, `textid4`, `textid5`, `emote`, `spell`, `orientation`, `model1`, `model2`) VALUES (190522, 64, -8845.75, 720.794, 97.2726, 0, 0, 0, 0, 0, 0, 0, 0, 0, 100, 0, 0);
INSERT INTO `creature_movement` (`id`, `point`, `position_x`, `position_y`, `position_z`, `waittime`, `script_id`, `textid1`, `textid2`, `textid3`, `textid4`, `textid5`, `emote`, `spell`, `orientation`, `model1`, `model2`) VALUES (190522, 65, -8824.99, 677.832, 97.6574, 0, 0, 0, 0, 0, 0, 0, 0, 0, 100, 0, 0);
INSERT INTO `creature_movement` (`id`, `point`, `position_x`, `position_y`, `position_z`, `waittime`, `script_id`, `textid1`, `textid2`, `textid3`, `textid4`, `textid5`, `emote`, `spell`, `orientation`, `model1`, `model2`) VALUES (190522, 66, -8851.28, 660.075, 97.0017, 0, 0, 0, 0, 0, 0, 0, 0, 0, 100, 0, 0);
INSERT INTO `creature_movement` (`id`, `point`, `position_x`, `position_y`, `position_z`, `waittime`, `script_id`, `textid1`, `textid2`, `textid3`, `textid4`, `textid5`, `emote`, `spell`, `orientation`, `model1`, `model2`) VALUES (190522, 67, -8840.74, 642.262, 95.532, 0, 0, 0, 0, 0, 0, 0, 0, 0, 100, 0, 0);
INSERT INTO `creature_movement` (`id`, `point`, `position_x`, `position_y`, `position_z`, `waittime`, `script_id`, `textid1`, `textid2`, `textid3`, `textid4`, `textid5`, `emote`, `spell`, `orientation`, `model1`, `model2`) VALUES (190522, 68, -8819.46, 617.93, 94.6946, 0, 0, 0, 0, 0, 0, 0, 0, 0, 100, 0, 0);
INSERT INTO `creature_movement` (`id`, `point`, `position_x`, `position_y`, `position_z`, `waittime`, `script_id`, `textid1`, `textid2`, `textid3`, `textid4`, `textid5`, `emote`, `spell`, `orientation`, `model1`, `model2`) VALUES (190522, 69, -8799.59, 588.334, 97.2445, 0, 0, 0, 0, 0, 0, 0, 0, 0, 100, 0, 0);
INSERT INTO `creature_movement` (`id`, `point`, `position_x`, `position_y`, `position_z`, `waittime`, `script_id`, `textid1`, `textid2`, `textid3`, `textid4`, `textid5`, `emote`, `spell`, `orientation`, `model1`, `model2`) VALUES (190522, 70, -8770.72, 608.689, 97.1009, 0, 0, 0, 0, 0, 0, 0, 0, 0, 100, 0, 0);
INSERT INTO `creature_movement` (`id`, `point`, `position_x`, `position_y`, `position_z`, `waittime`, `script_id`, `textid1`, `textid2`, `textid3`, `textid4`, `textid5`, `emote`, `spell`, `orientation`, `model1`, `model2`) VALUES (190522, 71, -8735.85, 575.619, 97.4327, 0, 0, 0, 0, 0, 0, 0, 0, 0, 100, 0, 0);
INSERT INTO `creature_movement` (`id`, `point`, `position_x`, `position_y`, `position_z`, `waittime`, `script_id`, `textid1`, `textid2`, `textid3`, `textid4`, `textid5`, `emote`, `spell`, `orientation`, `model1`, `model2`) VALUES (190522, 72, -8748.36, 560.304, 97.4026, 0, 0, 0, 0, 0, 0, 0, 0, 0, 100, 0, 0);
INSERT INTO `creature_movement` (`id`, `point`, `position_x`, `position_y`, `position_z`, `waittime`, `script_id`, `textid1`, `textid2`, `textid3`, `textid4`, `textid5`, `emote`, `spell`, `orientation`, `model1`, `model2`) VALUES (190522, 73, -8730.58, 539.735, 101.077, 0, 0, 0, 0, 0, 0, 0, 0, 0, 100, 0, 0);
INSERT INTO `creature_movement` (`id`, `point`, `position_x`, `position_y`, `position_z`, `waittime`, `script_id`, `textid1`, `textid2`, `textid3`, `textid4`, `textid5`, `emote`, `spell`, `orientation`, `model1`, `model2`) VALUES (190522, 74, -8713.68, 518.891, 97.1231, 0, 0, 0, 0, 0, 0, 0, 0, 0, 100, 0, 0);
INSERT INTO `creature_movement` (`id`, `point`, `position_x`, `position_y`, `position_z`, `waittime`, `script_id`, `textid1`, `textid2`, `textid3`, `textid4`, `textid5`, `emote`, `spell`, `orientation`, `model1`, `model2`) VALUES (190522, 75, -8697.52, 533.308, 97.6909, 0, 0, 0, 0, 0, 0, 0, 0, 0, 100, 0, 0);
INSERT INTO `creature_movement` (`id`, `point`, `position_x`, `position_y`, `position_z`, `waittime`, `script_id`, `textid1`, `textid2`, `textid3`, `textid4`, `textid5`, `emote`, `spell`, `orientation`, `model1`, `model2`) VALUES (190522, 76, -8678.6, 549.382, 97.4357, 0, 0, 0, 0, 0, 0, 0, 0, 0, 100, 0, 0);
INSERT INTO `creature_movement` (`id`, `point`, `position_x`, `position_y`, `position_z`, `waittime`, `script_id`, `textid1`, `textid2`, `textid3`, `textid4`, `textid5`, `emote`, `spell`, `orientation`, `model1`, `model2`) VALUES (190522, 77, -8657.58, 553.584, 96.9367, 0, 0, 0, 0, 0, 0, 0, 0, 0, 100, 0, 0);
INSERT INTO `creature_movement` (`id`, `point`, `position_x`, `position_y`, `position_z`, `waittime`, `script_id`, `textid1`, `textid2`, `textid3`, `textid4`, `textid5`, `emote`, `spell`, `orientation`, `model1`, `model2`) VALUES (190522, 78, -8634.36, 537.268, 99.9459, 0, 0, 0, 0, 0, 0, 0, 0, 0, 100, 0, 0);
INSERT INTO `creature_movement` (`id`, `point`, `position_x`, `position_y`, `position_z`, `waittime`, `script_id`, `textid1`, `textid2`, `textid3`, `textid4`, `textid5`, `emote`, `spell`, `orientation`, `model1`, `model2`) VALUES (190522, 79, -8611.79, 514.084, 103.461, 0, 0, 0, 0, 0, 0, 0, 0, 0, 100, 0, 0);
INSERT INTO `creature_movement` (`id`, `point`, `position_x`, `position_y`, `position_z`, `waittime`, `script_id`, `textid1`, `textid2`, `textid3`, `textid4`, `textid5`, `emote`, `spell`, `orientation`, `model1`, `model2`) VALUES (190522, 80, -8597.78, 526.589, 106.411, 0, 0, 0, 0, 0, 0, 0, 0, 0, 100, 0, 0);
INSERT INTO `creature_movement` (`id`, `point`, `position_x`, `position_y`, `position_z`, `waittime`, `script_id`, `textid1`, `textid2`, `textid3`, `textid4`, `textid5`, `emote`, `spell`, `orientation`, `model1`, `model2`) VALUES (190522, 81, -8577.11, 542.753, 101.777, 0, 0, 0, 0, 0, 0, 0, 0, 0, 100, 0, 0);
INSERT INTO `creature_movement` (`id`, `point`, `position_x`, `position_y`, `position_z`, `waittime`, `script_id`, `textid1`, `textid2`, `textid3`, `textid4`, `textid5`, `emote`, `spell`, `orientation`, `model1`, `model2`) VALUES (190498, 1, 9952.47, 2089.45, 1327.72, 0, 0, 0, 0, 0, 0, 0, 0, 0, 100, 0, 0);
INSERT INTO `creature_movement` (`id`, `point`, `position_x`, `position_y`, `position_z`, `waittime`, `script_id`, `textid1`, `textid2`, `textid3`, `textid4`, `textid5`, `emote`, `spell`, `orientation`, `model1`, `model2`) VALUES (190498, 2, 9953.24, 2253.22, 1335.29, 0, 0, 0, 0, 0, 0, 0, 0, 0, 100, 0, 0);
INSERT INTO `creature_movement` (`id`, `point`, `position_x`, `position_y`, `position_z`, `waittime`, `script_id`, `textid1`, `textid2`, `textid3`, `textid4`, `textid5`, `emote`, `spell`, `orientation`, `model1`, `model2`) VALUES (190498, 3, 9952.86, 2275.41, 1341.4, 0, 0, 0, 0, 0, 0, 0, 0, 0, 100, 0, 0);
INSERT INTO `creature_movement` (`id`, `point`, `position_x`, `position_y`, `position_z`, `waittime`, `script_id`, `textid1`, `textid2`, `textid3`, `textid4`, `textid5`, `emote`, `spell`, `orientation`, `model1`, `model2`) VALUES (190498, 4, 9952.4, 2292.36, 1341.39, 0, 0, 0, 0, 0, 0, 0, 0, 0, 100, 0, 0);
INSERT INTO `creature_movement` (`id`, `point`, `position_x`, `position_y`, `position_z`, `waittime`, `script_id`, `textid1`, `textid2`, `textid3`, `textid4`, `textid5`, `emote`, `spell`, `orientation`, `model1`, `model2`) VALUES (190498, 5, 9952.35, 2302.62, 1336.55, 0, 0, 0, 0, 0, 0, 0, 0, 0, 100, 0, 0);
INSERT INTO `creature_movement` (`id`, `point`, `position_x`, `position_y`, `position_z`, `waittime`, `script_id`, `textid1`, `textid2`, `textid3`, `textid4`, `textid5`, `emote`, `spell`, `orientation`, `model1`, `model2`) VALUES (190498, 6, 9951.28, 2318.49, 1336.55, 0, 0, 0, 0, 0, 0, 0, 0, 0, 100, 0, 0);
INSERT INTO `creature_movement` (`id`, `point`, `position_x`, `position_y`, `position_z`, `waittime`, `script_id`, `textid1`, `textid2`, `textid3`, `textid4`, `textid5`, `emote`, `spell`, `orientation`, `model1`, `model2`) VALUES (190498, 7, 9951, 2337.6, 1331.27, 0, 0, 0, 0, 0, 0, 0, 0, 0, 100, 0, 0);
INSERT INTO `creature_movement` (`id`, `point`, `position_x`, `position_y`, `position_z`, `waittime`, `script_id`, `textid1`, `textid2`, `textid3`, `textid4`, `textid5`, `emote`, `spell`, `orientation`, `model1`, `model2`) VALUES (190498, 8, 9950.29, 2405.21, 1328.23, 0, 0, 0, 0, 0, 0, 0, 0, 0, 100, 0, 0);
INSERT INTO `creature_movement` (`id`, `point`, `position_x`, `position_y`, `position_z`, `waittime`, `script_id`, `textid1`, `textid2`, `textid3`, `textid4`, `textid5`, `emote`, `spell`, `orientation`, `model1`, `model2`) VALUES (190498, 9, 9949.97, 2433.77, 1324.68, 0, 0, 0, 0, 0, 0, 0, 0, 0, 100, 0, 0);
INSERT INTO `creature_movement` (`id`, `point`, `position_x`, `position_y`, `position_z`, `waittime`, `script_id`, `textid1`, `textid2`, `textid3`, `textid4`, `textid5`, `emote`, `spell`, `orientation`, `model1`, `model2`) VALUES (190498, 10, 9949.52, 2453.58, 1321.11, 0, 0, 0, 0, 0, 0, 0, 0, 0, 100, 0, 0);
INSERT INTO `creature_movement` (`id`, `point`, `position_x`, `position_y`, `position_z`, `waittime`, `script_id`, `textid1`, `textid2`, `textid3`, `textid4`, `textid5`, `emote`, `spell`, `orientation`, `model1`, `model2`) VALUES (190498, 11, 9949.02, 2475.83, 1316.12, 0, 0, 0, 0, 0, 0, 0, 0, 0, 100, 0, 0);
INSERT INTO `creature_movement` (`id`, `point`, `position_x`, `position_y`, `position_z`, `waittime`, `script_id`, `textid1`, `textid2`, `textid3`, `textid4`, `textid5`, `emote`, `spell`, `orientation`, `model1`, `model2`) VALUES (190498, 12, 9948.86, 2482.9, 1316.22, 0, 0, 0, 0, 0, 0, 0, 0, 0, 100, 0, 0);
INSERT INTO `creature_movement` (`id`, `point`, `position_x`, `position_y`, `position_z`, `waittime`, `script_id`, `textid1`, `textid2`, `textid3`, `textid4`, `textid5`, `emote`, `spell`, `orientation`, `model1`, `model2`) VALUES (190498, 13, 9960.6, 2494.16, 1316.46, 0, 0, 0, 0, 0, 0, 0, 0, 0, 100, 0, 0);
INSERT INTO `creature_movement` (`id`, `point`, `position_x`, `position_y`, `position_z`, `waittime`, `script_id`, `textid1`, `textid2`, `textid3`, `textid4`, `textid5`, `emote`, `spell`, `orientation`, `model1`, `model2`) VALUES (190498, 14, 9969.22, 2510.8, 1317.6, 0, 0, 0, 0, 0, 0, 0, 0, 0, 100, 0, 0);
INSERT INTO `creature_movement` (`id`, `point`, `position_x`, `position_y`, `position_z`, `waittime`, `script_id`, `textid1`, `textid2`, `textid3`, `textid4`, `textid5`, `emote`, `spell`, `orientation`, `model1`, `model2`) VALUES (190498, 15, 9986.03, 2519.99, 1316.36, 0, 0, 0, 0, 0, 0, 0, 0, 0, 100, 0, 0);
INSERT INTO `creature_movement` (`id`, `point`, `position_x`, `position_y`, `position_z`, `waittime`, `script_id`, `textid1`, `textid2`, `textid3`, `textid4`, `textid5`, `emote`, `spell`, `orientation`, `model1`, `model2`) VALUES (190498, 16, 9975.02, 2539.73, 1316.31, 0, 0, 0, 0, 0, 0, 0, 0, 0, 100, 0, 0);
INSERT INTO `creature_movement` (`id`, `point`, `position_x`, `position_y`, `position_z`, `waittime`, `script_id`, `textid1`, `textid2`, `textid3`, `textid4`, `textid5`, `emote`, `spell`, `orientation`, `model1`, `model2`) VALUES (190498, 17, 9948.79, 2554.92, 1316.32, 0, 0, 0, 0, 0, 0, 0, 0, 0, 100, 0, 0);
INSERT INTO `creature_movement` (`id`, `point`, `position_x`, `position_y`, `position_z`, `waittime`, `script_id`, `textid1`, `textid2`, `textid3`, `textid4`, `textid5`, `emote`, `spell`, `orientation`, `model1`, `model2`) VALUES (190498, 18, 9947.11, 2572.04, 1318.3, 0, 0, 0, 0, 0, 0, 0, 0, 0, 100, 0, 0);
INSERT INTO `creature_movement` (`id`, `point`, `position_x`, `position_y`, `position_z`, `waittime`, `script_id`, `textid1`, `textid2`, `textid3`, `textid4`, `textid5`, `emote`, `spell`, `orientation`, `model1`, `model2`) VALUES (190498, 19, 9946.96, 2605.64, 1316.19, 0, 0, 0, 0, 0, 0, 0, 0, 0, 100, 0, 0);
INSERT INTO `creature_movement` (`id`, `point`, `position_x`, `position_y`, `position_z`, `waittime`, `script_id`, `textid1`, `textid2`, `textid3`, `textid4`, `textid5`, `emote`, `spell`, `orientation`, `model1`, `model2`) VALUES (190498, 20, 9946.63, 2585.83, 1316.12, 0, 0, 0, 0, 0, 0, 0, 0, 0, 100, 0, 0);
INSERT INTO `creature_movement` (`id`, `point`, `position_x`, `position_y`, `position_z`, `waittime`, `script_id`, `textid1`, `textid2`, `textid3`, `textid4`, `textid5`, `emote`, `spell`, `orientation`, `model1`, `model2`) VALUES (190498, 21, 9946.43, 2573.54, 1318.31, 0, 0, 0, 0, 0, 0, 0, 0, 0, 100, 0, 0);
INSERT INTO `creature_movement` (`id`, `point`, `position_x`, `position_y`, `position_z`, `waittime`, `script_id`, `textid1`, `textid2`, `textid3`, `textid4`, `textid5`, `emote`, `spell`, `orientation`, `model1`, `model2`) VALUES (190498, 22, 9946.2, 2560.24, 1315.77, 0, 0, 0, 0, 0, 0, 0, 0, 0, 100, 0, 0);
INSERT INTO `creature_movement` (`id`, `point`, `position_x`, `position_y`, `position_z`, `waittime`, `script_id`, `textid1`, `textid2`, `textid3`, `textid4`, `textid5`, `emote`, `spell`, `orientation`, `model1`, `model2`) VALUES (190498, 23, 9945.8, 2555.99, 1316.28, 0, 0, 0, 0, 0, 0, 0, 0, 0, 100, 0, 0);
INSERT INTO `creature_movement` (`id`, `point`, `position_x`, `position_y`, `position_z`, `waittime`, `script_id`, `textid1`, `textid2`, `textid3`, `textid4`, `textid5`, `emote`, `spell`, `orientation`, `model1`, `model2`) VALUES (190498, 24, 9931.09, 2551.67, 1317.36, 0, 0, 0, 0, 0, 0, 0, 0, 0, 100, 0, 0);
INSERT INTO `creature_movement` (`id`, `point`, `position_x`, `position_y`, `position_z`, `waittime`, `script_id`, `textid1`, `textid2`, `textid3`, `textid4`, `textid5`, `emote`, `spell`, `orientation`, `model1`, `model2`) VALUES (190498, 25, 9915.98, 2541.26, 1316.83, 0, 0, 0, 0, 0, 0, 0, 0, 0, 100, 0, 0);
INSERT INTO `creature_movement` (`id`, `point`, `position_x`, `position_y`, `position_z`, `waittime`, `script_id`, `textid1`, `textid2`, `textid3`, `textid4`, `textid5`, `emote`, `spell`, `orientation`, `model1`, `model2`) VALUES (190498, 26, 9906.96, 2530.01, 1316.19, 0, 0, 0, 0, 0, 0, 0, 0, 0, 100, 0, 0);
INSERT INTO `creature_movement` (`id`, `point`, `position_x`, `position_y`, `position_z`, `waittime`, `script_id`, `textid1`, `textid2`, `textid3`, `textid4`, `textid5`, `emote`, `spell`, `orientation`, `model1`, `model2`) VALUES (190498, 27, 9899.4, 2529.93, 1315.17, 0, 0, 0, 0, 0, 0, 0, 0, 0, 100, 0, 0);
INSERT INTO `creature_movement` (`id`, `point`, `position_x`, `position_y`, `position_z`, `waittime`, `script_id`, `textid1`, `textid2`, `textid3`, `textid4`, `textid5`, `emote`, `spell`, `orientation`, `model1`, `model2`) VALUES (190498, 28, 9887.01, 2529.8, 1318.71, 0, 0, 0, 0, 0, 0, 0, 0, 0, 100, 0, 0);
INSERT INTO `creature_movement` (`id`, `point`, `position_x`, `position_y`, `position_z`, `waittime`, `script_id`, `textid1`, `textid2`, `textid3`, `textid4`, `textid5`, `emote`, `spell`, `orientation`, `model1`, `model2`) VALUES (190498, 29, 9849.84, 2529.4, 1321.25, 0, 0, 0, 0, 0, 0, 0, 0, 0, 100, 0, 0);
INSERT INTO `creature_movement` (`id`, `point`, `position_x`, `position_y`, `position_z`, `waittime`, `script_id`, `textid1`, `textid2`, `textid3`, `textid4`, `textid5`, `emote`, `spell`, `orientation`, `model1`, `model2`) VALUES (190498, 30, 9776.92, 2527.83, 1318.95, 0, 0, 0, 0, 0, 0, 0, 0, 0, 100, 0, 0);
INSERT INTO `creature_movement` (`id`, `point`, `position_x`, `position_y`, `position_z`, `waittime`, `script_id`, `textid1`, `textid2`, `textid3`, `textid4`, `textid5`, `emote`, `spell`, `orientation`, `model1`, `model2`) VALUES (190498, 31, 9724.57, 2526.01, 1335.68, 0, 0, 0, 0, 0, 0, 0, 0, 0, 100, 0, 0);
INSERT INTO `creature_movement` (`id`, `point`, `position_x`, `position_y`, `position_z`, `waittime`, `script_id`, `textid1`, `textid2`, `textid3`, `textid4`, `textid5`, `emote`, `spell`, `orientation`, `model1`, `model2`) VALUES (190498, 32, 9709.61, 2525.32, 1335.69, 0, 0, 0, 0, 0, 0, 0, 0, 0, 100, 0, 0);
INSERT INTO `creature_movement` (`id`, `point`, `position_x`, `position_y`, `position_z`, `waittime`, `script_id`, `textid1`, `textid2`, `textid3`, `textid4`, `textid5`, `emote`, `spell`, `orientation`, `model1`, `model2`) VALUES (190498, 33, 9724.57, 2526.01, 1335.68, 0, 0, 0, 0, 0, 0, 0, 0, 0, 100, 0, 0);
INSERT INTO `creature_movement` (`id`, `point`, `position_x`, `position_y`, `position_z`, `waittime`, `script_id`, `textid1`, `textid2`, `textid3`, `textid4`, `textid5`, `emote`, `spell`, `orientation`, `model1`, `model2`) VALUES (190498, 34, 9776.92, 2527.83, 1318.95, 0, 0, 0, 0, 0, 0, 0, 0, 0, 100, 0, 0);
INSERT INTO `creature_movement` (`id`, `point`, `position_x`, `position_y`, `position_z`, `waittime`, `script_id`, `textid1`, `textid2`, `textid3`, `textid4`, `textid5`, `emote`, `spell`, `orientation`, `model1`, `model2`) VALUES (190498, 35, 9849.84, 2529.4, 1321.25, 0, 0, 0, 0, 0, 0, 0, 0, 0, 100, 0, 0);
INSERT INTO `creature_movement` (`id`, `point`, `position_x`, `position_y`, `position_z`, `waittime`, `script_id`, `textid1`, `textid2`, `textid3`, `textid4`, `textid5`, `emote`, `spell`, `orientation`, `model1`, `model2`) VALUES (190498, 36, 9887.01, 2529.8, 1318.71, 0, 0, 0, 0, 0, 0, 0, 0, 0, 100, 0, 0);
INSERT INTO `creature_movement` (`id`, `point`, `position_x`, `position_y`, `position_z`, `waittime`, `script_id`, `textid1`, `textid2`, `textid3`, `textid4`, `textid5`, `emote`, `spell`, `orientation`, `model1`, `model2`) VALUES (190498, 37, 9899.4, 2529.93, 1315.17, 0, 0, 0, 0, 0, 0, 0, 0, 0, 100, 0, 0);
INSERT INTO `creature_movement` (`id`, `point`, `position_x`, `position_y`, `position_z`, `waittime`, `script_id`, `textid1`, `textid2`, `textid3`, `textid4`, `textid5`, `emote`, `spell`, `orientation`, `model1`, `model2`) VALUES (190498, 38, 9906.96, 2530.01, 1316.19, 0, 0, 0, 0, 0, 0, 0, 0, 0, 100, 0, 0);
INSERT INTO `creature_movement` (`id`, `point`, `position_x`, `position_y`, `position_z`, `waittime`, `script_id`, `textid1`, `textid2`, `textid3`, `textid4`, `textid5`, `emote`, `spell`, `orientation`, `model1`, `model2`) VALUES (190498, 39, 9915.98, 2541.26, 1316.83, 0, 0, 0, 0, 0, 0, 0, 0, 0, 100, 0, 0);
INSERT INTO `creature_movement` (`id`, `point`, `position_x`, `position_y`, `position_z`, `waittime`, `script_id`, `textid1`, `textid2`, `textid3`, `textid4`, `textid5`, `emote`, `spell`, `orientation`, `model1`, `model2`) VALUES (190498, 40, 9931.09, 2551.67, 1317.36, 0, 0, 0, 0, 0, 0, 0, 0, 0, 100, 0, 0);
INSERT INTO `creature_movement` (`id`, `point`, `position_x`, `position_y`, `position_z`, `waittime`, `script_id`, `textid1`, `textid2`, `textid3`, `textid4`, `textid5`, `emote`, `spell`, `orientation`, `model1`, `model2`) VALUES (190498, 41, 9945.8, 2555.99, 1316.28, 0, 0, 0, 0, 0, 0, 0, 0, 0, 100, 0, 0);
INSERT INTO `creature_movement` (`id`, `point`, `position_x`, `position_y`, `position_z`, `waittime`, `script_id`, `textid1`, `textid2`, `textid3`, `textid4`, `textid5`, `emote`, `spell`, `orientation`, `model1`, `model2`) VALUES (190498, 42, 9946.2, 2560.24, 1315.77, 0, 0, 0, 0, 0, 0, 0, 0, 0, 100, 0, 0);
INSERT INTO `creature_movement` (`id`, `point`, `position_x`, `position_y`, `position_z`, `waittime`, `script_id`, `textid1`, `textid2`, `textid3`, `textid4`, `textid5`, `emote`, `spell`, `orientation`, `model1`, `model2`) VALUES (190498, 43, 9946.43, 2573.54, 1318.31, 0, 0, 0, 0, 0, 0, 0, 0, 0, 100, 0, 0);
INSERT INTO `creature_movement` (`id`, `point`, `position_x`, `position_y`, `position_z`, `waittime`, `script_id`, `textid1`, `textid2`, `textid3`, `textid4`, `textid5`, `emote`, `spell`, `orientation`, `model1`, `model2`) VALUES (190498, 44, 9946.63, 2585.83, 1316.12, 0, 0, 0, 0, 0, 0, 0, 0, 0, 100, 0, 0);
INSERT INTO `creature_movement` (`id`, `point`, `position_x`, `position_y`, `position_z`, `waittime`, `script_id`, `textid1`, `textid2`, `textid3`, `textid4`, `textid5`, `emote`, `spell`, `orientation`, `model1`, `model2`) VALUES (190498, 45, 9946.96, 2605.64, 1316.19, 0, 0, 0, 0, 0, 0, 0, 0, 0, 100, 0, 0);
INSERT INTO `creature_movement` (`id`, `point`, `position_x`, `position_y`, `position_z`, `waittime`, `script_id`, `textid1`, `textid2`, `textid3`, `textid4`, `textid5`, `emote`, `spell`, `orientation`, `model1`, `model2`) VALUES (190498, 46, 9947.11, 2572.04, 1318.3, 0, 0, 0, 0, 0, 0, 0, 0, 0, 100, 0, 0);
INSERT INTO `creature_movement` (`id`, `point`, `position_x`, `position_y`, `position_z`, `waittime`, `script_id`, `textid1`, `textid2`, `textid3`, `textid4`, `textid5`, `emote`, `spell`, `orientation`, `model1`, `model2`) VALUES (190498, 47, 9948.79, 2554.92, 1316.32, 0, 0, 0, 0, 0, 0, 0, 0, 0, 100, 0, 0);
INSERT INTO `creature_movement` (`id`, `point`, `position_x`, `position_y`, `position_z`, `waittime`, `script_id`, `textid1`, `textid2`, `textid3`, `textid4`, `textid5`, `emote`, `spell`, `orientation`, `model1`, `model2`) VALUES (190498, 48, 9975.02, 2539.73, 1316.31, 0, 0, 0, 0, 0, 0, 0, 0, 0, 100, 0, 0);
INSERT INTO `creature_movement` (`id`, `point`, `position_x`, `position_y`, `position_z`, `waittime`, `script_id`, `textid1`, `textid2`, `textid3`, `textid4`, `textid5`, `emote`, `spell`, `orientation`, `model1`, `model2`) VALUES (190498, 49, 9986.03, 2519.99, 1316.36, 0, 0, 0, 0, 0, 0, 0, 0, 0, 100, 0, 0);
INSERT INTO `creature_movement` (`id`, `point`, `position_x`, `position_y`, `position_z`, `waittime`, `script_id`, `textid1`, `textid2`, `textid3`, `textid4`, `textid5`, `emote`, `spell`, `orientation`, `model1`, `model2`) VALUES (190498, 50, 9969.22, 2510.8, 1317.6, 0, 0, 0, 0, 0, 0, 0, 0, 0, 100, 0, 0);
INSERT INTO `creature_movement` (`id`, `point`, `position_x`, `position_y`, `position_z`, `waittime`, `script_id`, `textid1`, `textid2`, `textid3`, `textid4`, `textid5`, `emote`, `spell`, `orientation`, `model1`, `model2`) VALUES (190498, 51, 9960.6, 2494.16, 1316.46, 0, 0, 0, 0, 0, 0, 0, 0, 0, 100, 0, 0);
INSERT INTO `creature_movement` (`id`, `point`, `position_x`, `position_y`, `position_z`, `waittime`, `script_id`, `textid1`, `textid2`, `textid3`, `textid4`, `textid5`, `emote`, `spell`, `orientation`, `model1`, `model2`) VALUES (190498, 52, 9948.86, 2482.9, 1316.22, 0, 0, 0, 0, 0, 0, 0, 0, 0, 100, 0, 0);
INSERT INTO `creature_movement` (`id`, `point`, `position_x`, `position_y`, `position_z`, `waittime`, `script_id`, `textid1`, `textid2`, `textid3`, `textid4`, `textid5`, `emote`, `spell`, `orientation`, `model1`, `model2`) VALUES (190498, 53, 9949.02, 2475.83, 1316.12, 0, 0, 0, 0, 0, 0, 0, 0, 0, 100, 0, 0);
INSERT INTO `creature_movement` (`id`, `point`, `position_x`, `position_y`, `position_z`, `waittime`, `script_id`, `textid1`, `textid2`, `textid3`, `textid4`, `textid5`, `emote`, `spell`, `orientation`, `model1`, `model2`) VALUES (190498, 54, 9949.52, 2453.58, 1321.11, 0, 0, 0, 0, 0, 0, 0, 0, 0, 100, 0, 0);
INSERT INTO `creature_movement` (`id`, `point`, `position_x`, `position_y`, `position_z`, `waittime`, `script_id`, `textid1`, `textid2`, `textid3`, `textid4`, `textid5`, `emote`, `spell`, `orientation`, `model1`, `model2`) VALUES (190498, 55, 9949.97, 2433.77, 1324.68, 0, 0, 0, 0, 0, 0, 0, 0, 0, 100, 0, 0);
INSERT INTO `creature_movement` (`id`, `point`, `position_x`, `position_y`, `position_z`, `waittime`, `script_id`, `textid1`, `textid2`, `textid3`, `textid4`, `textid5`, `emote`, `spell`, `orientation`, `model1`, `model2`) VALUES (190498, 56, 9950.29, 2405.21, 1328.23, 0, 0, 0, 0, 0, 0, 0, 0, 0, 100, 0, 0);
INSERT INTO `creature_movement` (`id`, `point`, `position_x`, `position_y`, `position_z`, `waittime`, `script_id`, `textid1`, `textid2`, `textid3`, `textid4`, `textid5`, `emote`, `spell`, `orientation`, `model1`, `model2`) VALUES (190498, 57, 9951, 2337.6, 1331.27, 0, 0, 0, 0, 0, 0, 0, 0, 0, 100, 0, 0);
INSERT INTO `creature_movement` (`id`, `point`, `position_x`, `position_y`, `position_z`, `waittime`, `script_id`, `textid1`, `textid2`, `textid3`, `textid4`, `textid5`, `emote`, `spell`, `orientation`, `model1`, `model2`) VALUES (190498, 58, 9951.28, 2318.49, 1336.55, 0, 0, 0, 0, 0, 0, 0, 0, 0, 100, 0, 0);
INSERT INTO `creature_movement` (`id`, `point`, `position_x`, `position_y`, `position_z`, `waittime`, `script_id`, `textid1`, `textid2`, `textid3`, `textid4`, `textid5`, `emote`, `spell`, `orientation`, `model1`, `model2`) VALUES (190498, 59, 9952.35, 2302.62, 1336.55, 0, 0, 0, 0, 0, 0, 0, 0, 0, 100, 0, 0);
INSERT INTO `creature_movement` (`id`, `point`, `position_x`, `position_y`, `position_z`, `waittime`, `script_id`, `textid1`, `textid2`, `textid3`, `textid4`, `textid5`, `emote`, `spell`, `orientation`, `model1`, `model2`) VALUES (190498, 60, 9952.4, 2292.36, 1341.39, 0, 0, 0, 0, 0, 0, 0, 0, 0, 100, 0, 0);
INSERT INTO `creature_movement` (`id`, `point`, `position_x`, `position_y`, `position_z`, `waittime`, `script_id`, `textid1`, `textid2`, `textid3`, `textid4`, `textid5`, `emote`, `spell`, `orientation`, `model1`, `model2`) VALUES (190498, 61, 9952.86, 2275.41, 1341.4, 0, 0, 0, 0, 0, 0, 0, 0, 0, 100, 0, 0);
INSERT INTO `creature_movement` (`id`, `point`, `position_x`, `position_y`, `position_z`, `waittime`, `script_id`, `textid1`, `textid2`, `textid3`, `textid4`, `textid5`, `emote`, `spell`, `orientation`, `model1`, `model2`) VALUES (190498, 62, 9953.24, 2253.22, 1335.29, 0, 0, 0, 0, 0, 0, 0, 0, 0, 100, 0, 0);
INSERT INTO `creature_movement` (`id`, `point`, `position_x`, `position_y`, `position_z`, `waittime`, `script_id`, `textid1`, `textid2`, `textid3`, `textid4`, `textid5`, `emote`, `spell`, `orientation`, `model1`, `model2`) VALUES (190498, 63, 9952.47, 2089.45, 1327.72, 0, 0, 0, 0, 0, 0, 0, 0, 0, 100, 0, 0);
INSERT INTO `creature_movement` (`id`, `point`, `position_x`, `position_y`, `position_z`, `waittime`, `script_id`, `textid1`, `textid2`, `textid3`, `textid4`, `textid5`, `emote`, `spell`, `orientation`, `model1`, `model2`) VALUES (190514, 1, -5007.03, -1177.84, 501.66, 0, 0, 0, 0, 0, 0, 0, 0, 0, 100, 0, 0);
INSERT INTO `creature_movement` (`id`, `point`, `position_x`, `position_y`, `position_z`, `waittime`, `script_id`, `textid1`, `textid2`, `textid3`, `textid4`, `textid5`, `emote`, `spell`, `orientation`, `model1`, `model2`) VALUES (190514, 2, -5001.6, -1153.96, 501.66, 0, 0, 0, 0, 0, 0, 0, 0, 0, 100, 0, 0);
INSERT INTO `creature_movement` (`id`, `point`, `position_x`, `position_y`, `position_z`, `waittime`, `script_id`, `textid1`, `textid2`, `textid3`, `textid4`, `textid5`, `emote`, `spell`, `orientation`, `model1`, `model2`) VALUES (190514, 3, -4997.44, -1127.35, 501.696, 0, 0, 0, 0, 0, 0, 0, 0, 0, 100, 0, 0);
INSERT INTO `creature_movement` (`id`, `point`, `position_x`, `position_y`, `position_z`, `waittime`, `script_id`, `textid1`, `textid2`, `textid3`, `textid4`, `textid5`, `emote`, `spell`, `orientation`, `model1`, `model2`) VALUES (190514, 4, -5000.03, -1114.52, 501.651, 0, 0, 0, 0, 0, 0, 0, 0, 0, 100, 0, 0);
INSERT INTO `creature_movement` (`id`, `point`, `position_x`, `position_y`, `position_z`, `waittime`, `script_id`, `textid1`, `textid2`, `textid3`, `textid4`, `textid5`, `emote`, `spell`, `orientation`, `model1`, `model2`) VALUES (190514, 5, -4997.12, -1109.34, 501.667, 0, 0, 0, 0, 0, 0, 0, 0, 0, 100, 0, 0);
INSERT INTO `creature_movement` (`id`, `point`, `position_x`, `position_y`, `position_z`, `waittime`, `script_id`, `textid1`, `textid2`, `textid3`, `textid4`, `textid5`, `emote`, `spell`, `orientation`, `model1`, `model2`) VALUES (190514, 6, -4994.9, -1099, 501.66, 0, 0, 0, 0, 0, 0, 0, 0, 0, 100, 0, 0);
INSERT INTO `creature_movement` (`id`, `point`, `position_x`, `position_y`, `position_z`, `waittime`, `script_id`, `textid1`, `textid2`, `textid3`, `textid4`, `textid5`, `emote`, `spell`, `orientation`, `model1`, `model2`) VALUES (190514, 7, -4994.39, -1087.39, 500.913, 0, 0, 0, 0, 0, 0, 0, 0, 0, 100, 0, 0);
INSERT INTO `creature_movement` (`id`, `point`, `position_x`, `position_y`, `position_z`, `waittime`, `script_id`, `textid1`, `textid2`, `textid3`, `textid4`, `textid5`, `emote`, `spell`, `orientation`, `model1`, `model2`) VALUES (190514, 8, -4992.23, -1050.22, 497.945, 0, 0, 0, 0, 0, 0, 0, 0, 0, 100, 0, 0);
INSERT INTO `creature_movement` (`id`, `point`, `position_x`, `position_y`, `position_z`, `waittime`, `script_id`, `textid1`, `textid2`, `textid3`, `textid4`, `textid5`, `emote`, `spell`, `orientation`, `model1`, `model2`) VALUES (190514, 9, -4990.41, -1041.16, 501.658, 0, 0, 0, 0, 0, 0, 0, 0, 0, 100, 0, 0);
INSERT INTO `creature_movement` (`id`, `point`, `position_x`, `position_y`, `position_z`, `waittime`, `script_id`, `textid1`, `textid2`, `textid3`, `textid4`, `textid5`, `emote`, `spell`, `orientation`, `model1`, `model2`) VALUES (190514, 10, -4986.52, -1020.52, 501.656, 0, 0, 0, 0, 0, 0, 0, 0, 0, 100, 0, 0);
INSERT INTO `creature_movement` (`id`, `point`, `position_x`, `position_y`, `position_z`, `waittime`, `script_id`, `textid1`, `textid2`, `textid3`, `textid4`, `textid5`, `emote`, `spell`, `orientation`, `model1`, `model2`) VALUES (190514, 11, -4958.59, -977.043, 501.622, 0, 0, 0, 0, 0, 0, 0, 0, 0, 100, 0, 0);
INSERT INTO `creature_movement` (`id`, `point`, `position_x`, `position_y`, `position_z`, `waittime`, `script_id`, `textid1`, `textid2`, `textid3`, `textid4`, `textid5`, `emote`, `spell`, `orientation`, `model1`, `model2`) VALUES (190514, 12, -4896.11, -925.091, 501.589, 0, 0, 0, 0, 0, 0, 0, 0, 0, 100, 0, 0);
INSERT INTO `creature_movement` (`id`, `point`, `position_x`, `position_y`, `position_z`, `waittime`, `script_id`, `textid1`, `textid2`, `textid3`, `textid4`, `textid5`, `emote`, `spell`, `orientation`, `model1`, `model2`) VALUES (190514, 13, -4858.81, -910.906, 501.66, 0, 0, 0, 0, 0, 0, 0, 0, 0, 100, 0, 0);
INSERT INTO `creature_movement` (`id`, `point`, `position_x`, `position_y`, `position_z`, `waittime`, `script_id`, `textid1`, `textid2`, `textid3`, `textid4`, `textid5`, `emote`, `spell`, `orientation`, `model1`, `model2`) VALUES (190514, 14, -4822.94, -906.469, 501.66, 0, 0, 0, 0, 0, 0, 0, 0, 0, 100, 0, 0);
INSERT INTO `creature_movement` (`id`, `point`, `position_x`, `position_y`, `position_z`, `waittime`, `script_id`, `textid1`, `textid2`, `textid3`, `textid4`, `textid5`, `emote`, `spell`, `orientation`, `model1`, `model2`) VALUES (190514, 15, -4812.86, -906.403, 497.967, 0, 0, 0, 0, 0, 0, 0, 0, 0, 100, 0, 0);
INSERT INTO `creature_movement` (`id`, `point`, `position_x`, `position_y`, `position_z`, `waittime`, `script_id`, `textid1`, `textid2`, `textid3`, `textid4`, `textid5`, `emote`, `spell`, `orientation`, `model1`, `model2`) VALUES (190514, 16, -4783.43, -907.789, 497.959, 0, 0, 0, 0, 0, 0, 0, 0, 0, 100, 0, 0);
INSERT INTO `creature_movement` (`id`, `point`, `position_x`, `position_y`, `position_z`, `waittime`, `script_id`, `textid1`, `textid2`, `textid3`, `textid4`, `textid5`, `emote`, `spell`, `orientation`, `model1`, `model2`) VALUES (190514, 17, -4775.18, -907.41, 501.667, 0, 0, 0, 0, 0, 0, 0, 0, 0, 100, 0, 0);
INSERT INTO `creature_movement` (`id`, `point`, `position_x`, `position_y`, `position_z`, `waittime`, `script_id`, `textid1`, `textid2`, `textid3`, `textid4`, `textid5`, `emote`, `spell`, `orientation`, `model1`, `model2`) VALUES (190514, 18, -4761.82, -907.258, 501.633, 0, 0, 0, 0, 0, 0, 0, 0, 0, 100, 0, 0);
INSERT INTO `creature_movement` (`id`, `point`, `position_x`, `position_y`, `position_z`, `waittime`, `script_id`, `textid1`, `textid2`, `textid3`, `textid4`, `textid5`, `emote`, `spell`, `orientation`, `model1`, `model2`) VALUES (190514, 19, -4755.1, -910.173, 501.667, 0, 0, 0, 0, 0, 0, 0, 0, 0, 100, 0, 0);
INSERT INTO `creature_movement` (`id`, `point`, `position_x`, `position_y`, `position_z`, `waittime`, `script_id`, `textid1`, `textid2`, `textid3`, `textid4`, `textid5`, `emote`, `spell`, `orientation`, `model1`, `model2`) VALUES (190514, 20, -4702.37, -937.593, 501.673, 0, 0, 0, 0, 0, 0, 0, 0, 0, 100, 0, 0);
INSERT INTO `creature_movement` (`id`, `point`, `position_x`, `position_y`, `position_z`, `waittime`, `script_id`, `textid1`, `textid2`, `textid3`, `textid4`, `textid5`, `emote`, `spell`, `orientation`, `model1`, `model2`) VALUES (190514, 21, -4693.85, -961.51, 501.659, 0, 0, 0, 0, 0, 0, 0, 0, 0, 100, 0, 0);
INSERT INTO `creature_movement` (`id`, `point`, `position_x`, `position_y`, `position_z`, `waittime`, `script_id`, `textid1`, `textid2`, `textid3`, `textid4`, `textid5`, `emote`, `spell`, `orientation`, `model1`, `model2`) VALUES (190514, 22, -4691.43, -974.311, 501.492, 0, 0, 0, 0, 0, 0, 0, 0, 0, 100, 0, 0);
INSERT INTO `creature_movement` (`id`, `point`, `position_x`, `position_y`, `position_z`, `waittime`, `script_id`, `textid1`, `textid2`, `textid3`, `textid4`, `textid5`, `emote`, `spell`, `orientation`, `model1`, `model2`) VALUES (190514, 23, -4718.75, -982.936, 501.537, 0, 0, 0, 0, 0, 0, 0, 0, 0, 100, 0, 0);
INSERT INTO `creature_movement` (`id`, `point`, `position_x`, `position_y`, `position_z`, `waittime`, `script_id`, `textid1`, `textid2`, `textid3`, `textid4`, `textid5`, `emote`, `spell`, `orientation`, `model1`, `model2`) VALUES (190514, 24, -4744.27, -984.132, 501.485, 0, 0, 0, 0, 0, 0, 0, 0, 0, 100, 0, 0);
INSERT INTO `creature_movement` (`id`, `point`, `position_x`, `position_y`, `position_z`, `waittime`, `script_id`, `textid1`, `textid2`, `textid3`, `textid4`, `textid5`, `emote`, `spell`, `orientation`, `model1`, `model2`) VALUES (190514, 25, -4779.13, -1024.8, 502.211, 0, 0, 0, 0, 0, 0, 0, 0, 0, 100, 0, 0);
INSERT INTO `creature_movement` (`id`, `point`, `position_x`, `position_y`, `position_z`, `waittime`, `script_id`, `textid1`, `textid2`, `textid3`, `textid4`, `textid5`, `emote`, `spell`, `orientation`, `model1`, `model2`) VALUES (190514, 26, -4807.38, -1032.69, 502.209, 0, 0, 0, 0, 0, 0, 0, 0, 0, 100, 0, 0);
INSERT INTO `creature_movement` (`id`, `point`, `position_x`, `position_y`, `position_z`, `waittime`, `script_id`, `textid1`, `textid2`, `textid3`, `textid4`, `textid5`, `emote`, `spell`, `orientation`, `model1`, `model2`) VALUES (190514, 27, -4812.82, -1069.17, 502.206, 0, 0, 0, 0, 0, 0, 0, 0, 0, 100, 0, 0);
INSERT INTO `creature_movement` (`id`, `point`, `position_x`, `position_y`, `position_z`, `waittime`, `script_id`, `textid1`, `textid2`, `textid3`, `textid4`, `textid5`, `emote`, `spell`, `orientation`, `model1`, `model2`) VALUES (190514, 28, -4836.54, -1086.65, 502.196, 0, 0, 0, 0, 0, 0, 0, 0, 0, 100, 0, 0);
INSERT INTO `creature_movement` (`id`, `point`, `position_x`, `position_y`, `position_z`, `waittime`, `script_id`, `textid1`, `textid2`, `textid3`, `textid4`, `textid5`, `emote`, `spell`, `orientation`, `model1`, `model2`) VALUES (190514, 29, -4862.22, -1086.39, 502.202, 0, 0, 0, 0, 0, 0, 0, 0, 0, 100, 0, 0);
INSERT INTO `creature_movement` (`id`, `point`, `position_x`, `position_y`, `position_z`, `waittime`, `script_id`, `textid1`, `textid2`, `textid3`, `textid4`, `textid5`, `emote`, `spell`, `orientation`, `model1`, `model2`) VALUES (190514, 30, -4890.83, -1113.34, 501.96, 0, 0, 0, 0, 0, 0, 0, 0, 0, 100, 0, 0);
INSERT INTO `creature_movement` (`id`, `point`, `position_x`, `position_y`, `position_z`, `waittime`, `script_id`, `textid1`, `textid2`, `textid3`, `textid4`, `textid5`, `emote`, `spell`, `orientation`, `model1`, `model2`) VALUES (190514, 31, -4911.88, -1119.41, 501.699, 0, 0, 0, 0, 0, 0, 0, 0, 0, 100, 0, 0);
INSERT INTO `creature_movement` (`id`, `point`, `position_x`, `position_y`, `position_z`, `waittime`, `script_id`, `textid1`, `textid2`, `textid3`, `textid4`, `textid5`, `emote`, `spell`, `orientation`, `model1`, `model2`) VALUES (190514, 32, -4937.18, -1180.6, 501.701, 0, 0, 0, 0, 0, 0, 0, 0, 0, 100, 0, 0);
INSERT INTO `creature_movement` (`id`, `point`, `position_x`, `position_y`, `position_z`, `waittime`, `script_id`, `textid1`, `textid2`, `textid3`, `textid4`, `textid5`, `emote`, `spell`, `orientation`, `model1`, `model2`) VALUES (190514, 33, -4958.12, -1185.43, 501.66, 0, 0, 0, 0, 0, 0, 0, 0, 0, 100, 0, 0);
INSERT INTO `creature_movement` (`id`, `point`, `position_x`, `position_y`, `position_z`, `waittime`, `script_id`, `textid1`, `textid2`, `textid3`, `textid4`, `textid5`, `emote`, `spell`, `orientation`, `model1`, `model2`) VALUES (190514, 34, -5005.38, -1176.96, 501.659, 0, 0, 0, 0, 0, 0, 0, 0, 0, 100, 0, 0);

-- Add Silverwing Sentinels with waypoints to group.
INSERT INTO `creature_groups` (`leaderGUID`, `memberGUID`, `dist`, `angle`, `flags`) VALUES (190498, 190499, 3, 0, 3);
INSERT INTO `creature_groups` (`leaderGUID`, `memberGUID`, `dist`, `angle`, `flags`) VALUES (190514, 190515, 3, 0, 3);
INSERT INTO `creature_groups` (`leaderGUID`, `memberGUID`, `dist`, `angle`, `flags`) VALUES (190522, 190523, 3, 0, 3);
